post_id,date,time,tz,weekday,platform,pillar,board,theme_id,format,is_video,hook,title,primary_asset,asset_folder,caption
GG-260817-IG,2026-08-17,08:00,ET,Mon,Instagram (+Facebook link),SYSTEM DESIGN,,T01,Reel · vertical MP4 (1080x1920),yes,You do not need more motivation. You need fewer decisions.,,video.mp4,content_backlog/instagram/GG-260817-IG,"Willpower is a tax you pay every morning. A system pays it once.

Pick one decision to automate this week.

Watch to the end, save it, then follow @gogettrdaily for a new system every day.

#productivity #habits #discipline #selfimprovement #motivation"
GG-260817-FB,2026-08-17,09:00,ET,Mon,Facebook,SYSTEM DESIGN,,T01,Single image (1080x1350),no,You do not need more motivation. You need fewer decisions.,,01_card.png,content_backlog/facebook/GG-260817-FB,"You do not need more motivation. You need fewer decisions.

Willpower is a tax you pay every morning. A system pays it once.

→ Same wake window, every day.
→ Automatic transfers on payday.
→ Training clothes staged before bed.
→ Tomorrow planned before today ends.
→ Remove the daily negotiation.

Which one would move your month the most? Tell me below. (Save the post so it is there when you need it.)

#productivity #selfimprovement"
GG-260817-X,2026-08-17,09:00,ET,Mon,X / Twitter,SYSTEM DESIGN,,T01,Text + image card (1600x900),no,You do not need more motivation. You need fewer decisions.,,01_card.png,content_backlog/x/GG-260817-X,"You do not need more motivation. You need fewer decisions.

1. Same wake window, every day.
2. Automatic transfers on payday.
3. Training clothes staged before bed.
4. Tomorrow planned before today ends.
5. Remove the daily negotiation.

Pick one decision to automate this week.

#productivity #selfimprovement"
GG-260817-LI,2026-08-17,08:00,ET,Mon,LinkedIn,SYSTEM DESIGN,,T01,Single image (1080x1080),no,You do not need more motivation. You need fewer decisions.,,01_card.png,content_backlog/linkedin/GG-260817-LI,"The most capable people I know don't run on willpower. They design defaults.

You do not need more motivation. You need fewer decisions.

• Same wake window, every day.
• Automatic transfers on payday.
• Training clothes staged before bed.
• Tomorrow planned before today ends.
• Remove the daily negotiation.

Systems beat motivation because they only ask you to decide once.

#productivity #habits #selfimprovement"
GG-260817-YT,2026-08-17,15:00,ET,Mon,YouTube Shorts,SYSTEM DESIGN,,T01,Shorts · vertical MP4 (1080x1920),yes,You do not need more motivation. You need fewer decisions.,Systems That Beat Willpower #shorts,video.mp4,content_backlog/youtube/GG-260817-YT,"Systems That Beat Willpower

Remove the daily negotiation.

1. Same wake window, every day.
2. Automatic transfers on payday.
3. Training clothes staged before bed.
4. Tomorrow planned before today ends.
5. Remove the daily negotiation.

Follow @gogettrdaily for more.

#productivity #habits #discipline #selfimprovement #shorts"
GG-260817-TT,2026-08-17,19:00,ET,Mon,TikTok,SYSTEM DESIGN,,T01,Vertical MP4 · motion (1080x1920),yes,You do not need more motivation. You need fewer decisions.,,video.mp4,content_backlog/tiktok/GG-260817-TT,"You do not need more motivation. You need fewer decisions.

Pick one decision to automate this week. Comment where you're starting.

#habitbuilding #productivitysystem #systemsthinking #growthmindset #stoicmindset"
GG-260817-PIN,2026-08-17,20:00,ET,Mon,Pinterest,SYSTEM DESIGN,Self Improvement & Discipline,T01,Pin 1000x1500,no,You do not need more motivation. You need fewer decisions.,Systems That Beat Willpower,01_pin.png,content_backlog/pinterest/GG-260817-PIN,"Systems That Beat Willpower. You do not need more motivation. You need fewer decisions. Willpower is a tax you pay every morning. A system pays it once. Save this pin for later, and follow @gogettrdaily for more."
GG-260818-IG,2026-08-18,08:00,ET,Tue,Instagram (+Facebook link),168 HOURS,,T02,Reel · vertical MP4 (1080x1920),yes,Your 9 to 5 pays today. What does 6 to 10 build?,,video.mp4,content_backlog/instagram/GG-260818-IG,"Four hours a night, repeated, becomes a direction.

Block one 6-10 window tonight.

Watch to the end, save it, then follow @gogettrdaily for a new system every day.

#productivity #timemanagement #focus #success #selfimprovement"
GG-260818-FB,2026-08-18,09:00,ET,Tue,Facebook,168 HOURS,,T02,Single image (1080x1350),no,Your 9 to 5 pays today. What does 6 to 10 build?,,01_card.png,content_backlog/facebook/GG-260818-FB,"Your 9 to 5 pays today. What does 6 to 10 build?

Four hours a night, repeated, becomes a direction.

→ 6-7: come down.
→ 7-8: train.
→ 8-9: build one skill or asset.
→ 9-10: set tomorrow up.
→ Four hours repeated becomes a direction.

Which one would move your month the most? Tell me below. (Save the post so it is there when you need it.)

#productivity #selfimprovement"
GG-260818-X,2026-08-18,09:00,ET,Tue,X / Twitter,168 HOURS,,T02,Text + image card (1600x900),no,Your 9 to 5 pays today. What does 6 to 10 build?,,01_card.png,content_backlog/x/GG-260818-X,"Your 9 to 5 pays today. What does 6 to 10 build?

1. 6-7: come down.
2. 7-8: train.
3. 8-9: build one skill or asset.
4. 9-10: set tomorrow up.
5. Four hours repeated becomes a direction.

Block one 6-10 window tonight.

#productivity #selfimprovement"
GG-260818-LI,2026-08-18,08:00,ET,Tue,LinkedIn,168 HOURS,,T02,Single image (1080x1080),no,Your 9 to 5 pays today. What does 6 to 10 build?,,01_card.png,content_backlog/linkedin/GG-260818-LI,"The most capable people I know don't run on willpower. They design defaults.

Your 9 to 5 pays today. What does 6 to 10 build?

• 6-7: come down.
• 7-8: train.
• 8-9: build one skill or asset.
• 9-10: set tomorrow up.
• Four hours repeated becomes a direction.

Systems beat motivation because they only ask you to decide once.

#productivity #timemanagement #selfimprovement"
GG-260818-YT,2026-08-18,15:00,ET,Tue,YouTube Shorts,168 HOURS,,T02,Shorts · vertical MP4 (1080x1920),yes,Your 9 to 5 pays today. What does 6 to 10 build?,Evening Routine For Ambitious People #shorts,video.mp4,content_backlog/youtube/GG-260818-YT,"Evening Routine For Ambitious People

Four hours repeated becomes a direction.

1. 6-7: come down.
2. 7-8: train.
3. 8-9: build one skill or asset.
4. 9-10: set tomorrow up.
5. Four hours repeated becomes a direction.

Follow @gogettrdaily for more.

#productivity #timemanagement #focus #selfimprovement #shorts"
GG-260818-TT,2026-08-18,19:00,ET,Tue,TikTok,168 HOURS,,T02,Photo carousel · 4 stills (1080x1920),no,Your 9 to 5 pays today. What does 6 to 10 build?,,01_frame.png,content_backlog/tiktok/GG-260818-TT,"Your 9 to 5 pays today. What does 6 to 10 build?

Swipe to the end, then save the one you need.

#timemanagementtips #deepwork #timeblocking #systemsthinking #atomichabits"
GG-260818-PIN,2026-08-18,20:00,ET,Tue,Pinterest,168 HOURS,Productivity & Time Management,T02,Carousel Pin · 3 cards (1000x1500),no,Your 9 to 5 pays today. What does 6 to 10 build?,Evening Routine For Ambitious People,01_pin.png,content_backlog/pinterest/GG-260818-PIN,"Evening Routine For Ambitious People: swipe through all 3 cards. Your 9 to 5 pays today. What does 6 to 10 build? Four hours a night, repeated, becomes a direction. Save this pin and follow for systems that actually stick."
GG-260819-IG,2026-08-19,08:00,ET,Wed,Instagram (+Facebook link),THE AUDIT,,T03,Carousel · 7 slides (1080x1350),no,"If nothing changes for 365 days, are you okay with the result?",,01_cover.png,content_backlog/instagram/GG-260819-IG,"Answer honestly. Your lowest answer is your next project.

→ Same income?
→ Same body?
→ Same habits?
→ Same people around you?
→ Your lowest answer is the next project.

Swipe through, save it for later, and send it to someone who needs it. Follow @gogettrdaily for a new system every day.

#mindset #motivation #discipline #success #selfimprovement"
GG-260819-FB,2026-08-19,09:00,ET,Wed,Facebook,THE AUDIT,,T03,Single image (1080x1350),no,"If nothing changes for 365 days, are you okay with the result?",,01_card.png,content_backlog/facebook/GG-260819-FB,"If nothing changes for 365 days, are you okay with the result?

Answer honestly. Your lowest answer is your next project.

→ Same income?
→ Same body?
→ Same habits?
→ Same people around you?
→ Your lowest answer is the next project.

Which one would move your month the most? Tell me below. (Save the post so it is there when you need it.)

#mindset #selfimprovement"
GG-260819-X,2026-08-19,09:00,ET,Wed,X / Twitter,THE AUDIT,,T03,Text + image card (1600x900),no,"If nothing changes for 365 days, are you okay with the result?",,01_card.png,content_backlog/x/GG-260819-X,"If nothing changes for 365 days, are you okay with the result?

1. Same income?
2. Same body?
3. Same habits?
4. Same people around you?
5. Your lowest answer is the next project.

Name your lowest answer in the comments.

#mindset #selfimprovement"
GG-260819-LI,2026-08-19,08:00,ET,Wed,LinkedIn,THE AUDIT,,T03,Single image (1080x1080),no,"If nothing changes for 365 days, are you okay with the result?",,01_card.png,content_backlog/linkedin/GG-260819-LI,"The most capable people I know don't run on willpower. They design defaults.

If nothing changes for 365 days, are you okay with the result?

• Same income?
• Same body?
• Same habits?
• Same people around you?
• Your lowest answer is the next project.

Systems beat motivation because they only ask you to decide once.

#mindset #motivation #selfimprovement"
GG-260819-YT,2026-08-19,15:00,ET,Wed,YouTube Shorts,THE AUDIT,,T03,Shorts · vertical MP4 (1080x1920),yes,"If nothing changes for 365 days, are you okay with the result?",Life Audit Checklist #shorts,video.mp4,content_backlog/youtube/GG-260819-YT,"Life Audit Checklist

Your lowest answer is your next project.

1. Same income?
2. Same body?
3. Same habits?
4. Same people around you?
5. Your lowest answer is the next project.

Follow @gogettrdaily for more.

#mindset #motivation #discipline #selfimprovement #shorts"
GG-260819-TT,2026-08-19,19:00,ET,Wed,TikTok,THE AUDIT,,T03,Vertical MP4 · motion (1080x1920),yes,"If nothing changes for 365 days, are you okay with the result?",,video.mp4,content_backlog/tiktok/GG-260819-TT,"If nothing changes for 365 days, are you okay with the result?

Name your lowest answer in the comments. Which one is you? Drop the number.

#stoicmindset #mindsetshift #mentalstrength #atomichabits #habitbuilding"
GG-260819-PIN,2026-08-19,20:00,ET,Wed,Pinterest,THE AUDIT,Self Improvement & Discipline,T03,Pin 1000x1500,no,"If nothing changes for 365 days, are you okay with the result?",Life Audit Checklist,01_pin.png,content_backlog/pinterest/GG-260819-PIN,"Life Audit Checklist. If nothing changes for 365 days, are you okay with the result? Answer honestly. Your lowest answer is your next project. Save this pin for later, and follow @gogettrdaily for more."
GG-260820-IG,2026-08-20,08:00,ET,Thu,Instagram (+Facebook link),ESCAPE VELOCITY,,T04,Reel · vertical MP4 (1080x1920),yes,Your first $10K changes the game — and not the way you think.,,video.mp4,content_backlog/instagram/GG-260820-IG,"The number matters. The identity shift matters more.

Set the target. Automate the first transfer.

Watch to the end, save it, then follow @gogettrdaily for a new system every day.

#money #personalfinance #finance #wealth #selfimprovement"
GG-260820-FB,2026-08-20,09:00,ET,Thu,Facebook,ESCAPE VELOCITY,,T04,Single image (1080x1350),no,Your first $10K changes the game — and not the way you think.,,01_card.png,content_backlog/facebook/GG-260820-FB,"Your first $10K changes the game — and not the way you think.

The number matters. The identity shift matters more.

→ First real breathing room.
→ First proof you can keep money.
→ First time a problem does not become a crisis.
→ First taste of optionality.
→ The identity shift outlasts the balance.

Which one would move your month the most? Tell me below. (Save the post so it is there when you need it.)

#money #selfimprovement"
GG-260820-X,2026-08-20,09:00,ET,Thu,X / Twitter,ESCAPE VELOCITY,,T04,Text + image card (1600x900),no,Your first $10K changes the game — and not the way you think.,,01_card.png,content_backlog/x/GG-260820-X,"Your first $10K changes the game — and not the way you think.

1. First real breathing room.
2. First proof you can keep money.
3. First time a problem does not become a crisis.
4. First taste of optionality.
5. The identity shift outlasts the balance.

Set the target. Automate the first transfer.

#money #selfimprovement"
GG-260820-LI,2026-08-20,08:00,ET,Thu,LinkedIn,ESCAPE VELOCITY,,T04,Single image (1080x1080),no,Your first $10K changes the game — and not the way you think.,,01_card.png,content_backlog/linkedin/GG-260820-LI,"The most capable people I know don't run on willpower. They design defaults.

Your first $10K changes the game — and not the way you think.

• First real breathing room.
• First proof you can keep money.
• First time a problem does not become a crisis.
• First taste of optionality.
• The identity shift outlasts the balance.

Systems beat motivation because they only ask you to decide once.

#money #personalfinance #selfimprovement"
GG-260820-YT,2026-08-20,15:00,ET,Thu,YouTube Shorts,ESCAPE VELOCITY,,T04,Shorts · vertical MP4 (1080x1920),yes,Your first $10K changes the game — and not the way you think.,How To Save Your First 10K #shorts,video.mp4,content_backlog/youtube/GG-260820-YT,"How To Save Your First 10K

The first $10K buys something $100K cannot recreate.

1. First real breathing room.
2. First proof you can keep money.
3. First time a problem does not become a crisis.
4. First taste of optionality.
5. The identity shift outlasts the balance.

Follow @gogettrdaily for more.

#money #personalfinance #finance #selfimprovement #shorts"
GG-260820-TT,2026-08-20,19:00,ET,Thu,TikTok,ESCAPE VELOCITY,,T04,Single image (1080x1920),no,Your first $10K changes the game — and not the way you think.,,01_frame.png,content_backlog/tiktok/GG-260820-TT,"Your first $10K changes the game — and not the way you think. Set the target. Automate the first transfer.

Keep this on hand.

#moneytok #personalfinancetips #budgetingtips #mentalstrength #growthmindset"
GG-260820-PIN,2026-08-20,20:00,ET,Thu,Pinterest,ESCAPE VELOCITY,Money & Personal Finance,T04,Video Pin · vertical MP4 (1080x1920),yes,Your first $10K changes the game — and not the way you think.,How To Save Your First 10K,video.mp4,content_backlog/pinterest/GG-260820-PIN,How To Save Your First 10K — the quick breakdown. Your first $10K changes the game — and not the way you think. The number matters. The identity shift matters more. Save this pin for the next time you need it.
GG-260821-IG,2026-08-21,08:00,ET,Fri,Instagram (+Facebook link),RECEIPTS,,T05,Reel · vertical MP4 (1080x1920),yes,At some point the handoff never comes. The first move is yours.,,video.mp4,content_backlog/instagram/GG-260821-IG,"Responsibility is where leverage starts.

Claim one thing no one is coming to fix.

Watch to the end, save it, then follow @gogettrdaily for a new system every day.

#mindset #motivation #discipline #success #selfimprovement"
GG-260821-FB,2026-08-21,09:00,ET,Fri,Facebook,RECEIPTS,,T05,Single image (1080x1350),no,At some point the handoff never comes. The first move is yours.,,01_card.png,content_backlog/facebook/GG-260821-FB,"At some point the handoff never comes. The first move is yours.

Responsibility is where leverage starts.

→ No one builds your savings.
→ No one protects your calendar.
→ No one trains your body for you.
→ No one creates your next option.
→ Responsibility is where leverage starts.

Which one would move your month the most? Tell me below. (Save the post so it is there when you need it.)

#mindset #selfimprovement"
GG-260821-X,2026-08-21,09:00,ET,Fri,X / Twitter,RECEIPTS,,T05,Text + image card (1600x900),no,At some point the handoff never comes. The first move is yours.,,01_card.png,content_backlog/x/GG-260821-X,"At some point the handoff never comes. The first move is yours.

1. No one builds your savings.
2. No one protects your calendar.
3. No one trains your body for you.
4. No one creates your next option.
5. Responsibility is where leverage starts.

Claim one thing no one is coming to fix.

#mindset #selfimprovement"
GG-260821-LI,2026-08-21,08:00,ET,Fri,LinkedIn,RECEIPTS,,T05,Single image (1080x1080),no,At some point the handoff never comes. The first move is yours.,,01_card.png,content_backlog/linkedin/GG-260821-LI,"The most capable people I know don't run on willpower. They design defaults.

At some point the handoff never comes. The first move is yours.

• No one builds your savings.
• No one protects your calendar.
• No one trains your body for you.
• No one creates your next option.
• Responsibility is where leverage starts.

Systems beat motivation because they only ask you to decide once.

#mindset #motivation #selfimprovement"
GG-260821-YT,2026-08-21,15:00,ET,Fri,YouTube Shorts,RECEIPTS,,T05,Shorts · vertical MP4 (1080x1920),yes,At some point the handoff never comes. The first move is yours.,Take Ownership Of Your Life #shorts,video.mp4,content_backlog/youtube/GG-260821-YT,"Take Ownership Of Your Life

Responsibility is where leverage starts.

1. No one builds your savings.
2. No one protects your calendar.
3. No one trains your body for you.
4. No one creates your next option.
5. Responsibility is where leverage starts.

Follow @gogettrdaily for more.

#mindset #motivation #discipline #selfimprovement #shorts"
GG-260821-TT,2026-08-21,19:00,ET,Fri,TikTok,RECEIPTS,,T05,Vertical MP4 · motion (1080x1920),yes,At some point the handoff never comes. The first move is yours.,,video.mp4,content_backlog/tiktok/GG-260821-TT,"At some point the handoff never comes. The first move is yours.

Claim one thing no one is coming to fix. Send it to someone who needs it.

#mentalstrength #growthmindset #stoicmindset #personalgrowthtips #betteryourself"
GG-260821-PIN,2026-08-21,20:00,ET,Fri,Pinterest,RECEIPTS,Self Improvement & Discipline,T05,Pin 1000x1500,no,At some point the handoff never comes. The first move is yours.,Take Ownership Of Your Life,01_pin.png,content_backlog/pinterest/GG-260821-PIN,"Take Ownership Of Your Life. At some point the handoff never comes. The first move is yours. Responsibility is where leverage starts. Save this pin for later, and follow @gogettrdaily for more."
GG-260822-IG,2026-08-22,08:00,ET,Sat,Instagram (+Facebook link),ENVIRONMENT ENGINEERING,,T06,Carousel · 8 slides (1080x1350),no,Want Monday to feel less expensive? Pay for it on Sunday.,,01_cover.png,content_backlog/instagram/GG-260822-IG,"Make Monday start before Monday.

→ Read the week's calendar.
→ Choose three outcomes.
→ Reset your room.
→ Stage food, clothes and chargers.
→ Make Monday start before Monday.

Swipe through, save it for later, and send it to someone who needs it. Follow @gogettrdaily for a new system every day.

#productivity #habits #discipline #selfimprovement #motivation"
GG-260822-FB,2026-08-22,09:00,ET,Sat,Facebook,ENVIRONMENT ENGINEERING,,T06,Single image (1080x1350),no,Want Monday to feel less expensive? Pay for it on Sunday.,,01_card.png,content_backlog/facebook/GG-260822-FB,"Want Monday to feel less expensive? Pay for it on Sunday.

Make Monday start before Monday.

→ Read the week's calendar.
→ Choose three outcomes.
→ Reset your room.
→ Stage food, clothes and chargers.
→ Make Monday start before Monday.

Which one would move your month the most? Tell me below. (Save the post so it is there when you need it.)

#productivity #selfimprovement"
GG-260822-X,2026-08-22,09:00,ET,Sat,X / Twitter,ENVIRONMENT ENGINEERING,,T06,Text + image card (1600x900),no,Want Monday to feel less expensive? Pay for it on Sunday.,,01_card.png,content_backlog/x/GG-260822-X,"Want Monday to feel less expensive? Pay for it on Sunday.

1. Read the week's calendar.
2. Choose three outcomes.
3. Reset your room.
4. Stage food, clothes and chargers.
5. Make Monday start before Monday.

Run this before you sleep tonight.

#productivity #selfimprovement"
GG-260822-LI,2026-08-22,08:00,ET,Sat,LinkedIn,ENVIRONMENT ENGINEERING,,T06,Single image (1080x1080),no,Want Monday to feel less expensive? Pay for it on Sunday.,,01_card.png,content_backlog/linkedin/GG-260822-LI,"The most capable people I know don't run on willpower. They design defaults.

Want Monday to feel less expensive? Pay for it on Sunday.

• Read the week's calendar.
• Choose three outcomes.
• Reset your room.
• Stage food, clothes and chargers.
• Make Monday start before Monday.

Systems beat motivation because they only ask you to decide once.

#productivity #habits #selfimprovement"
GG-260822-YT,2026-08-22,15:00,ET,Sat,YouTube Shorts,ENVIRONMENT ENGINEERING,,T06,Shorts · vertical MP4 (1080x1920),yes,Want Monday to feel less expensive? Pay for it on Sunday.,Sunday Reset Routine #shorts,video.mp4,content_backlog/youtube/GG-260822-YT,"Sunday Reset Routine

Make Monday start before Monday.

1. Read the week's calendar.
2. Choose three outcomes.
3. Reset your room.
4. Stage food, clothes and chargers.
5. Make Monday start before Monday.

Follow @gogettrdaily for more.

#productivity #habits #discipline #selfimprovement #shorts"
GG-260822-TT,2026-08-22,19:00,ET,Sat,TikTok,ENVIRONMENT ENGINEERING,,T06,Photo carousel · 4 stills (1080x1920),no,Want Monday to feel less expensive? Pay for it on Sunday.,,01_frame.png,content_backlog/tiktok/GG-260822-TT,"Want Monday to feel less expensive? Pay for it on Sunday.

Swipe through. Run this before you sleep tonight. Drop your number below.

#productivitysystem #systemsthinking #atomichabits #slowliving #declutter"
GG-260822-PIN,2026-08-22,20:00,ET,Sat,Pinterest,ENVIRONMENT ENGINEERING,Home & Life Organization,T06,Carousel Pin · 3 cards (1000x1500),no,Want Monday to feel less expensive? Pay for it on Sunday.,Sunday Reset Routine,01_pin.png,content_backlog/pinterest/GG-260822-PIN,Sunday Reset Routine: swipe through all 3 cards. Want Monday to feel less expensive? Pay for it on Sunday. Make Monday start before Monday. Save this pin and follow for systems that actually stick.
GG-260823-IG,2026-08-23,08:00,ET,Sun,Instagram (+Facebook link),PURCHASE LAB,,T07,Reel · vertical MP4 (1080x1920),yes,Would you still want it if nobody could ever see it?,,video.mp4,content_backlog/instagram/GG-260823-IG,"Separate preference from performance.

Run this before your next checkout.

Watch to the end, save it, then follow @gogettrdaily for a new system every day.

#money #personalfinance #finance #wealth #selfimprovement"
GG-260823-FB,2026-08-23,09:00,ET,Sun,Facebook,PURCHASE LAB,,T07,Single image (1080x1350),no,Would you still want it if nobody could ever see it?,,01_card.png,content_backlog/facebook/GG-260823-FB,"Would you still want it if nobody could ever see it?

Separate preference from performance.

→ Remove the audience.
→ Remove the logo.
→ Remove the launch-day hype.
→ Remove your friends seeing it.
→ Still want it?

Which one would move your month the most? Tell me below. (Save the post so it is there when you need it.)

#money #selfimprovement"
GG-260823-X,2026-08-23,09:00,ET,Sun,X / Twitter,PURCHASE LAB,,T07,Text + image card (1600x900),no,Would you still want it if nobody could ever see it?,,01_card.png,content_backlog/x/GG-260823-X,"Would you still want it if nobody could ever see it?

1. Remove the audience.
2. Remove the logo.
3. Remove the launch-day hype.
4. Remove your friends seeing it.
5. Still want it?

Run this before your next checkout.

#money #selfimprovement"
GG-260823-LI,2026-08-23,08:00,ET,Sun,LinkedIn,PURCHASE LAB,,T07,Single image (1080x1080),no,Would you still want it if nobody could ever see it?,,01_card.png,content_backlog/linkedin/GG-260823-LI,"The most capable people I know don't run on willpower. They design defaults.

Would you still want it if nobody could ever see it?

• Remove the audience.
• Remove the logo.
• Remove the launch-day hype.
• Remove your friends seeing it.
• Still want it?

Systems beat motivation because they only ask you to decide once.

#money #personalfinance #selfimprovement"
GG-260823-YT,2026-08-23,15:00,ET,Sun,YouTube Shorts,PURCHASE LAB,,T07,Shorts · vertical MP4 (1080x1920),yes,Would you still want it if nobody could ever see it?,Stop Impulse Spending #shorts,video.mp4,content_backlog/youtube/GG-260823-YT,"Stop Impulse Spending

Separate preference from performance.

1. Remove the audience.
2. Remove the logo.
3. Remove the launch-day hype.
4. Remove your friends seeing it.
5. Still want it?

Follow @gogettrdaily for more.

#money #personalfinance #finance #selfimprovement #shorts"
GG-260823-TT,2026-08-23,19:00,ET,Sun,TikTok,PURCHASE LAB,,T07,Vertical MP4 · motion (1080x1920),yes,Would you still want it if nobody could ever see it?,,video.mp4,content_backlog/tiktok/GG-260823-TT,"Would you still want it if nobody could ever see it?

Run this before your next checkout. Tell me the one you'll skip.

#financialliteracy #moneytok #personalfinancetips #mindsetshift #mentalstrength"
GG-260823-PIN,2026-08-23,20:00,ET,Sun,Pinterest,PURCHASE LAB,Money & Personal Finance,T07,Pin 1000x1500,no,Would you still want it if nobody could ever see it?,Stop Impulse Spending,01_pin.png,content_backlog/pinterest/GG-260823-PIN,"Stop Impulse Spending. Would you still want it if nobody could ever see it? Separate preference from performance. Save this pin for later, and follow @gogettrdaily for more."
GG-260824-IG,2026-08-24,08:00,ET,Mon,Instagram (+Facebook link),THE AUDIT,,T08,Reel · vertical MP4 (1080x1920),yes,Your week is leaking. Find the hole before you add another goal.,,video.mp4,content_backlog/instagram/GG-260824-IG,"For seven days, mark every block that was neither work nor recovery.

Start the seven-day count today.

Watch to the end, save it, then follow @gogettrdaily for a new system every day.

#productivity #timemanagement #focus #success #selfimprovement"
GG-260824-FB,2026-08-24,09:00,ET,Mon,Facebook,THE AUDIT,,T08,Single image (1080x1350),no,Your week is leaking. Find the hole before you add another goal.,,01_card.png,content_backlog/facebook/GG-260824-FB,"Your week is leaking. Find the hole before you add another goal.

For seven days, mark every block that was neither work nor recovery.

→ Mark every non-work, non-recovery block.
→ Circle anything you did by default.
→ Add the minutes.
→ Pick the biggest leak.
→ Next week, block it before it starts.

Which one would move your month the most? Tell me below. (Save the post so it is there when you need it.)

#productivity #selfimprovement"
GG-260824-X,2026-08-24,09:00,ET,Mon,X / Twitter,THE AUDIT,,T08,Text + image card (1600x900),no,Your week is leaking. Find the hole before you add another goal.,,01_card.png,content_backlog/x/GG-260824-X,"Your week is leaking. Find the hole before you add another goal.

1. Mark every non-work, non-recovery block.
2. Circle anything you did by default.
3. Add the minutes.
4. Pick the biggest leak.
5. Next week, block it before it starts.

Start the seven-day count today.

#productivity #selfimprovement"
GG-260824-LI,2026-08-24,08:00,ET,Mon,LinkedIn,THE AUDIT,,T08,Single image (1080x1080),no,Your week is leaking. Find the hole before you add another goal.,,01_card.png,content_backlog/linkedin/GG-260824-LI,"The most capable people I know don't run on willpower. They design defaults.

Your week is leaking. Find the hole before you add another goal.

• Mark every non-work, non-recovery block.
• Circle anything you did by default.
• Add the minutes.
• Pick the biggest leak.
• Next week, block it before it starts.

Systems beat motivation because they only ask you to decide once.

#productivity #timemanagement #selfimprovement"
GG-260824-YT,2026-08-24,15:00,ET,Mon,YouTube Shorts,THE AUDIT,,T08,Shorts · vertical MP4 (1080x1920),yes,Your week is leaking. Find the hole before you add another goal.,Time Management Audit #shorts,video.mp4,content_backlog/youtube/GG-260824-YT,"Time Management Audit

Find the leak before you add another goal.

1. Mark every non-work, non-recovery block.
2. Circle anything you did by default.
3. Add the minutes.
4. Pick the biggest leak.
5. Next week, block it before it starts.

Follow @gogettrdaily for more.

#productivity #timemanagement #focus #selfimprovement #shorts"
GG-260824-TT,2026-08-24,19:00,ET,Mon,TikTok,THE AUDIT,,T08,Single image (1080x1920),no,Your week is leaking. Find the hole before you add another goal.,,01_frame.png,content_backlog/tiktok/GG-260824-TT,"Your week is leaking. Find the hole before you add another goal. Start the seven-day count today.

Save this where you'll see it tonight.

#timeblocking #productivitytok #timemanagementtips #habitbuilding #productivitysystem"
GG-260824-PIN,2026-08-24,20:00,ET,Mon,Pinterest,THE AUDIT,Productivity & Time Management,T08,Video Pin · vertical MP4 (1080x1920),yes,Your week is leaking. Find the hole before you add another goal.,Time Management Audit,video.mp4,content_backlog/pinterest/GG-260824-PIN,"Time Management Audit — the quick breakdown. Your week is leaking. Find the hole before you add another goal. For seven days, mark every block that was neither work nor recovery. Save this pin for the next time you need it."
GG-260825-IG,2026-08-25,08:00,ET,Tue,Instagram (+Facebook link),MONEY SYSTEMS,,T09,Carousel · 7 slides (1080x1350),no,Own these before you own the flex.,,01_cover.png,content_backlog/instagram/GG-260825-IG,"Foundation before decoration.

→ Emergency cash.
→ Reliable tools for work.
→ A sleep setup that works.
→ Basic home and car readiness.
→ Foundation before decoration.

Swipe through, save it for later, and send it to someone who needs it. Follow @gogettrdaily for a new system every day.

#money #personalfinance #finance #wealth #selfimprovement"
GG-260825-FB,2026-08-25,09:00,ET,Tue,Facebook,MONEY SYSTEMS,,T09,Single image (1080x1350),no,Own these before you own the flex.,,01_card.png,content_backlog/facebook/GG-260825-FB,"Own these before you own the flex.

Foundation before decoration.

→ Emergency cash.
→ Reliable tools for work.
→ A sleep setup that works.
→ Basic home and car readiness.
→ Foundation before decoration.

Which one would move your month the most? Tell me below. (Save the post so it is there when you need it.)

#money #selfimprovement"
GG-260825-X,2026-08-25,09:00,ET,Tue,X / Twitter,MONEY SYSTEMS,,T09,Text + image card (1600x900),no,Own these before you own the flex.,,01_card.png,content_backlog/x/GG-260825-X,"Own these before you own the flex.

1. Emergency cash.
2. Reliable tools for work.
3. A sleep setup that works.
4. Basic home and car readiness.
5. Foundation before decoration.

Check which rung you actually own.

#money #selfimprovement"
GG-260825-LI,2026-08-25,08:00,ET,Tue,LinkedIn,MONEY SYSTEMS,,T09,Single image (1080x1080),no,Own these before you own the flex.,,01_card.png,content_backlog/linkedin/GG-260825-LI,"The most capable people I know don't run on willpower. They design defaults.

Own these before you own the flex.

• Emergency cash.
• Reliable tools for work.
• A sleep setup that works.
• Basic home and car readiness.
• Foundation before decoration.

Systems beat motivation because they only ask you to decide once.

#money #personalfinance #selfimprovement"
GG-260825-YT,2026-08-25,15:00,ET,Tue,YouTube Shorts,MONEY SYSTEMS,,T09,Shorts · vertical MP4 (1080x1920),yes,Own these before you own the flex.,Financial Priorities In Order #shorts,video.mp4,content_backlog/youtube/GG-260825-YT,"Financial Priorities In Order

Foundation before decoration.

1. Emergency cash.
2. Reliable tools for work.
3. A sleep setup that works.
4. Basic home and car readiness.
5. Foundation before decoration.

Follow @gogettrdaily for more.

#money #personalfinance #finance #selfimprovement #shorts"
GG-260825-TT,2026-08-25,19:00,ET,Tue,TikTok,MONEY SYSTEMS,,T09,Photo carousel · 4 stills (1080x1920),no,Own these before you own the flex.,,01_frame.png,content_backlog/tiktok/GG-260825-TT,"Own these before you own the flex.

Swipe. Check which rung you actually own. Comment the step you'll run first.

#personalfinancetips #budgetingtips #financialliteracy #productivitysystem #systemsthinking"
GG-260825-PIN,2026-08-25,20:00,ET,Tue,Pinterest,MONEY SYSTEMS,Money & Personal Finance,T09,Pin 1000x1500,no,Own these before you own the flex.,Financial Priorities In Order,01_pin.png,content_backlog/pinterest/GG-260825-PIN,"Financial Priorities In Order. Own these before you own the flex. Foundation before decoration. Save this pin for later, and follow @gogettrdaily for more."
GG-260826-IG,2026-08-26,08:00,ET,Wed,Instagram (+Facebook link),WORK CAPACITY,,T10,Reel · vertical MP4 (1080x1920),yes,How to become hard to replace — without a new title.,,video.mp4,content_backlog/instagram/GG-260826-IG,"Career security is a stack, not a label.

Rate yourself 1-5 on each. Fix the lowest.

Watch to the end, save it, then follow @gogettrdaily for a new system every day.

#career #success #entrepreneur #motivation #selfimprovement"
GG-260826-FB,2026-08-26,09:00,ET,Wed,Facebook,WORK CAPACITY,,T10,Single image (1080x1350),no,How to become hard to replace — without a new title.,,01_card.png,content_backlog/facebook/GG-260826-FB,"How to become hard to replace — without a new title.

Career security is a stack, not a label.

→ Solve before escalation.
→ Write clearly.
→ Learn without a classroom.
→ Keep promises.
→ Make the people around you better.

Which one would move your month the most? Tell me below. (Save the post so it is there when you need it.)

#career #selfimprovement"
GG-260826-X,2026-08-26,09:00,ET,Wed,X / Twitter,WORK CAPACITY,,T10,Text + image card (1600x900),no,How to become hard to replace — without a new title.,,01_card.png,content_backlog/x/GG-260826-X,"How to become hard to replace — without a new title.

1. Solve before escalation.
2. Write clearly.
3. Learn without a classroom.
4. Keep promises.
5. Make the people around you better.

Rate yourself 1-5 on each. Fix the lowest.

#career #selfimprovement"
GG-260826-LI,2026-08-26,08:00,ET,Wed,LinkedIn,WORK CAPACITY,,T10,Single image (1080x1080),no,How to become hard to replace — without a new title.,,01_card.png,content_backlog/linkedin/GG-260826-LI,"The most capable people I know don't run on willpower. They design defaults.

How to become hard to replace — without a new title.

• Solve before escalation.
• Write clearly.
• Learn without a classroom.
• Keep promises.
• Make the people around you better.

Systems beat motivation because they only ask you to decide once.

#career #success #selfimprovement"
GG-260826-YT,2026-08-26,15:00,ET,Wed,YouTube Shorts,WORK CAPACITY,,T10,Shorts · vertical MP4 (1080x1920),yes,How to become hard to replace — without a new title.,How To Be Indispensable At Work #shorts,video.mp4,content_backlog/youtube/GG-260826-YT,"How To Be Indispensable At Work

Career security is a stack, not a title.

1. Solve before escalation.
2. Write clearly.
3. Learn without a classroom.
4. Keep promises.
5. Make the people around you better.

Follow @gogettrdaily for more.

#career #success #entrepreneur #selfimprovement #shorts"
GG-260826-TT,2026-08-26,19:00,ET,Wed,TikTok,WORK CAPACITY,,T10,Vertical MP4 · motion (1080x1920),yes,How to become hard to replace — without a new title.,,video.mp4,content_backlog/tiktok/GG-260826-TT,"How to become hard to replace — without a new title.

Save this, then run it. Rate yourself 1-5 on each. Fix the lowest.

#worktok #careergrowth #careertok #systemsthinking #atomichabits"
GG-260826-PIN,2026-08-26,20:00,ET,Wed,Pinterest,WORK CAPACITY,Career Growth & Success,T10,Carousel Pin · 3 cards (1000x1500),no,How to become hard to replace — without a new title.,How To Be Indispensable At Work,01_pin.png,content_backlog/pinterest/GG-260826-PIN,"How To Be Indispensable At Work: swipe through all 3 cards. How to become hard to replace — without a new title. Career security is a stack, not a label. Save this pin and follow for systems that actually stick."
GG-260827-IG,2026-08-27,08:00,ET,Thu,Instagram (+Facebook link),MONEY SYSTEMS,,T11,Reel · vertical MP4 (1080x1920),yes,You get $100. It must improve next month. Where does it go?,,video.mp4,content_backlog/instagram/GG-260827-IG,"Give each dollar one job.

Drop your allocation in the comments.

Watch to the end, save it, then follow @gogettrdaily for a new system every day.

#money #personalfinance #finance #wealth #selfimprovement"
GG-260827-FB,2026-08-27,09:00,ET,Thu,Facebook,MONEY SYSTEMS,,T11,Single image (1080x1350),no,You get $100. It must improve next month. Where does it go?,,01_card.png,content_backlog/facebook/GG-260827-FB,"You get $100. It must improve next month. Where does it go?

Give each dollar one job.

→ Sleep.
→ Skill.
→ Training.
→ A tool that saves time.
→ Comment your allocation before you see everyone else's.

Which one would move your month the most? Tell me below. (Save the post so it is there when you need it.)

#money #selfimprovement"
GG-260827-X,2026-08-27,09:00,ET,Thu,X / Twitter,MONEY SYSTEMS,,T11,Text + image card (1600x900),no,You get $100. It must improve next month. Where does it go?,,01_card.png,content_backlog/x/GG-260827-X,"You get $100. It must improve next month. Where does it go?

1. Sleep.
2. Skill.
3. Training.
4. A tool that saves time.
5. Comment your allocation before you see everyone else's.

Drop your allocation in the comments.

#money #selfimprovement"
GG-260827-LI,2026-08-27,08:00,ET,Thu,LinkedIn,MONEY SYSTEMS,,T11,Single image (1080x1080),no,You get $100. It must improve next month. Where does it go?,,01_card.png,content_backlog/linkedin/GG-260827-LI,"The most capable people I know don't run on willpower. They design defaults.

You get $100. It must improve next month. Where does it go?

• Sleep.
• Skill.
• Training.
• A tool that saves time.
• Comment your allocation before you see everyone else's.

Systems beat motivation because they only ask you to decide once.

#money #personalfinance #selfimprovement"
GG-260827-YT,2026-08-27,15:00,ET,Thu,YouTube Shorts,MONEY SYSTEMS,,T11,Shorts · vertical MP4 (1080x1920),yes,You get $100. It must improve next month. Where does it go?,Best Way To Spend 100 Dollars #shorts,video.mp4,content_backlog/youtube/GG-260827-YT,"Best Way To Spend 100 Dollars

Give each dollar one job.

1. Sleep.
2. Skill.
3. Training.
4. A tool that saves time.
5. Comment your allocation before you see everyone else's.

Follow @gogettrdaily for more.

#money #personalfinance #finance #selfimprovement #shorts"
GG-260827-TT,2026-08-27,19:00,ET,Thu,TikTok,MONEY SYSTEMS,,T11,Photo carousel · 4 stills (1080x1920),no,You get $100. It must improve next month. Where does it go?,,01_frame.png,content_backlog/tiktok/GG-260827-TT,"You get $100. It must improve next month. Where does it go?

Swipe. Which one are you skipping? Be honest.

#financialliteracy #moneytok #personalfinancetips #mindsetshift #mentalstrength"
GG-260827-PIN,2026-08-27,20:00,ET,Thu,Pinterest,MONEY SYSTEMS,Money & Personal Finance,T11,Pin 1000x1500,no,You get $100. It must improve next month. Where does it go?,Best Way To Spend 100 Dollars,01_pin.png,content_backlog/pinterest/GG-260827-PIN,"Best Way To Spend 100 Dollars. You get $100. It must improve next month. Where does it go? Give each dollar one job. Save this pin for later, and follow @gogettrdaily for more."
GG-260828-IG,2026-08-28,08:00,ET,Fri,Instagram (+Facebook link),ENVIRONMENT ENGINEERING,,T12,Carousel · 8 slides (1080x1350),no,Your phone is either a tool or a slot machine. Which did you build?,,01_cover.png,content_backlog/instagram/GG-260828-IG,"Your home screen is an environment.

→ Move feeds off the first screen.
→ Put calendar and tasks where your thumb lands.
→ Turn off alerts that create no action.
→ Keep banking, notes and maps one tap away.
→ Your home screen is an environment.

Swipe through, save it for later, and send it to someone who needs it. Follow @gogettrdaily for a new system every day.

#minimalism #organization #productivity #declutter #selfimprovement"
GG-260828-FB,2026-08-28,09:00,ET,Fri,Facebook,ENVIRONMENT ENGINEERING,,T12,Single image (1080x1350),no,Your phone is either a tool or a slot machine. Which did you build?,,01_card.png,content_backlog/facebook/GG-260828-FB,"Your phone is either a tool or a slot machine. Which did you build?

Your home screen is an environment.

→ Move feeds off the first screen.
→ Put calendar and tasks where your thumb lands.
→ Turn off alerts that create no action.
→ Keep banking, notes and maps one tap away.
→ Your home screen is an environment.

Which one would move your month the most? Tell me below. (Save the post so it is there when you need it.)

#minimalism #selfimprovement"
GG-260828-X,2026-08-28,09:00,ET,Fri,X / Twitter,ENVIRONMENT ENGINEERING,,T12,Text + image card (1600x900),no,Your phone is either a tool or a slot machine. Which did you build?,,01_card.png,content_backlog/x/GG-260828-X,"Your phone is either a tool or a slot machine. Which did you build?

1. Move feeds off the first screen.
2. Put calendar and tasks where your thumb lands.
3. Turn off alerts that create no action.
4. Keep banking, notes and maps one tap away.
5. Your home screen is an environment.

Rebuild your first screen tonight.

#minimalism #selfimprovement"
GG-260828-LI,2026-08-28,08:00,ET,Fri,LinkedIn,ENVIRONMENT ENGINEERING,,T12,Single image (1080x1080),no,Your phone is either a tool or a slot machine. Which did you build?,,01_card.png,content_backlog/linkedin/GG-260828-LI,"The most capable people I know don't run on willpower. They design defaults.

Your phone is either a tool or a slot machine. Which did you build?

• Move feeds off the first screen.
• Put calendar and tasks where your thumb lands.
• Turn off alerts that create no action.
• Keep banking, notes and maps one tap away.
• Your home screen is an environment.

Systems beat motivation because they only ask you to decide once.

#minimalism #organization #selfimprovement"
GG-260828-YT,2026-08-28,15:00,ET,Fri,YouTube Shorts,ENVIRONMENT ENGINEERING,,T12,Shorts · vertical MP4 (1080x1920),yes,Your phone is either a tool or a slot machine. Which did you build?,Phone Home Screen Setup For Focus #shorts,video.mp4,content_backlog/youtube/GG-260828-YT,"Phone Home Screen Setup For Focus

Your home screen is an environment.

1. Move feeds off the first screen.
2. Put calendar and tasks where your thumb lands.
3. Turn off alerts that create no action.
4. Keep banking, notes and maps one tap away.
5. Your home screen is an environment.

Follow @gogettrdaily for more.

#minimalism #organization #productivity #selfimprovement #shorts"
GG-260828-TT,2026-08-28,19:00,ET,Fri,TikTok,ENVIRONMENT ENGINEERING,,T12,Vertical MP4 · motion (1080x1920),yes,Your phone is either a tool or a slot machine. Which did you build?,,video.mp4,content_backlog/tiktok/GG-260828-TT,"Your phone is either a tool or a slot machine. Which did you build?

Rebuild your first screen tonight. Follow for the next system.

#declutter #minimalisttok #organizationtips #productivitytok #timemanagementtips"
GG-260828-PIN,2026-08-28,20:00,ET,Fri,Pinterest,ENVIRONMENT ENGINEERING,Productivity & Time Management,T12,Video Pin · vertical MP4 (1080x1920),yes,Your phone is either a tool or a slot machine. Which did you build?,Phone Home Screen Setup For Focus,video.mp4,content_backlog/pinterest/GG-260828-PIN,Phone Home Screen Setup For Focus — the quick breakdown. Your phone is either a tool or a slot machine. Which did you build? Your home screen is an environment. Save this pin for the next time you need it.
GG-260829-IG,2026-08-29,08:00,ET,Sat,Instagram (+Facebook link),RECOVERY PROTOCOL,,T13,Reel · vertical MP4 (1080x1920),yes,"Recovery is a performance metric, not a reward.",,video.mp4,content_backlog/instagram/GG-260829-IG,"You do not rise to your goals. You fall to your recovery.

Schedule your rest day before the week starts.

Watch to the end, save it, then follow @gogettrdaily for a new system every day.

#health #wellness #selfcare #mindset #selfimprovement"
GG-260829-FB,2026-08-29,09:00,ET,Sat,Facebook,RECOVERY PROTOCOL,,T13,Single image (1080x1350),no,"Recovery is a performance metric, not a reward.",,01_card.png,content_backlog/facebook/GG-260829-FB,"Recovery is a performance metric, not a reward.

You do not rise to your goals. You fall to your recovery.

→ Same sleep and wake window.
→ A hard stop on the screen.
→ One real rest day, scheduled.
→ Food and water on a timer.
→ Track it or it did not happen.

Which one would move your month the most? Tell me below. (Save the post so it is there when you need it.)

#health #selfimprovement"
GG-260829-X,2026-08-29,09:00,ET,Sat,X / Twitter,RECOVERY PROTOCOL,,T13,Text + image card (1600x900),no,"Recovery is a performance metric, not a reward.",,01_card.png,content_backlog/x/GG-260829-X,"Recovery is a performance metric, not a reward.

1. Same sleep and wake window.
2. A hard stop on the screen.
3. One real rest day, scheduled.
4. Food and water on a timer.
5. Track it or it did not happen.

Schedule your rest day before the week starts.

#health #selfimprovement"
GG-260829-LI,2026-08-29,08:00,ET,Sat,LinkedIn,RECOVERY PROTOCOL,,T13,Single image (1080x1080),no,"Recovery is a performance metric, not a reward.",,01_card.png,content_backlog/linkedin/GG-260829-LI,"The most capable people I know don't run on willpower. They design defaults.

Recovery is a performance metric, not a reward.

• Same sleep and wake window.
• A hard stop on the screen.
• One real rest day, scheduled.
• Food and water on a timer.
• Track it or it did not happen.

Systems beat motivation because they only ask you to decide once.

#health #wellness #selfimprovement"
GG-260829-YT,2026-08-29,15:00,ET,Sat,YouTube Shorts,RECOVERY PROTOCOL,,T13,Shorts · vertical MP4 (1080x1920),yes,"Recovery is a performance metric, not a reward.",Recovery Routine For Performance #shorts,video.mp4,content_backlog/youtube/GG-260829-YT,"Recovery Routine For Performance

Track it or it did not happen.

1. Same sleep and wake window.
2. A hard stop on the screen.
3. One real rest day, scheduled.
4. Food and water on a timer.
5. Track it or it did not happen.

Follow @gogettrdaily for more.

#health #wellness #selfcare #selfimprovement #shorts"
GG-260829-TT,2026-08-29,19:00,ET,Sat,TikTok,RECOVERY PROTOCOL,,T13,Single image (1080x1920),no,"Recovery is a performance metric, not a reward.",,01_frame.png,content_backlog/tiktok/GG-260829-TT,"Recovery is a performance metric, not a reward. Schedule your rest day before the week starts.

Save this where you'll see it tonight.

#selfcareroutine #burnoutrecovery #restday #workoutmotivation #trainingsplit"
GG-260829-PIN,2026-08-29,20:00,ET,Sat,Pinterest,RECOVERY PROTOCOL,Fitness & Healthy Habits,T13,Pin 1000x1500,no,"Recovery is a performance metric, not a reward.",Recovery Routine For Performance,01_pin.png,content_backlog/pinterest/GG-260829-PIN,"Recovery Routine For Performance. Recovery is a performance metric, not a reward. You do not rise to your goals. You fall to your recovery. Save this pin for later, and follow @gogettrdaily for more."
GG-260830-IG,2026-08-30,08:00,ET,Sun,Instagram (+Facebook link),SOCIAL CAPITAL,,T14,Reel · vertical MP4 (1080x1920),yes,Good conversation. Now the part almost everyone skips.,,video.mp4,content_backlog/instagram/GG-260830-IG,"Follow-up turns a moment into a relationship.

Send one follow-up you have been sitting on.

Watch to the end, save it, then follow @gogettrdaily for a new system every day.

#confidence #communication #success #relationships #selfimprovement"
GG-260830-FB,2026-08-30,09:00,ET,Sun,Facebook,SOCIAL CAPITAL,,T14,Single image (1080x1350),no,Good conversation. Now the part almost everyone skips.,,01_card.png,content_backlog/facebook/GG-260830-FB,"Good conversation. Now the part almost everyone skips.

Follow-up turns a moment into a relationship.

→ Within 24 hours, send one specific line from the talk.
→ Add the promised link or intro.
→ Do not write a paragraph.
→ Set a reminder for the next natural touchpoint.
→ Follow-up turns a moment into a relationship.

Which one would move your month the most? Tell me below. (Save the post so it is there when you need it.)

#confidence #selfimprovement"
GG-260830-X,2026-08-30,09:00,ET,Sun,X / Twitter,SOCIAL CAPITAL,,T14,Text + image card (1600x900),no,Good conversation. Now the part almost everyone skips.,,01_card.png,content_backlog/x/GG-260830-X,"Good conversation. Now the part almost everyone skips.

1. Within 24 hours, send one specific line from the talk.
2. Add the promised link or intro.
3. Do not write a paragraph.
4. Set a reminder for the next natural touchpoint.
5. Follow-up turns a moment into a relationship.

Send one follow-up you have been sitting on.

#confidence #selfimprovement"
GG-260830-LI,2026-08-30,08:00,ET,Sun,LinkedIn,SOCIAL CAPITAL,,T14,Single image (1080x1080),no,Good conversation. Now the part almost everyone skips.,,01_card.png,content_backlog/linkedin/GG-260830-LI,"The most capable people I know don't run on willpower. They design defaults.

Good conversation. Now the part almost everyone skips.

• Within 24 hours, send one specific line from the talk.
• Add the promised link or intro.
• Do not write a paragraph.
• Set a reminder for the next natural touchpoint.
• Follow-up turns a moment into a relationship.

Systems beat motivation because they only ask you to decide once.

#confidence #communication #selfimprovement"
GG-260830-YT,2026-08-30,15:00,ET,Sun,YouTube Shorts,SOCIAL CAPITAL,,T14,Shorts · vertical MP4 (1080x1920),yes,Good conversation. Now the part almost everyone skips.,Networking Follow Up Template #shorts,video.mp4,content_backlog/youtube/GG-260830-YT,"Networking Follow Up Template

Follow-up turns a moment into a relationship.

1. Within 24 hours, send one specific line from the talk.
2. Add the promised link or intro.
3. Do not write a paragraph.
4. Set a reminder for the next natural touchpoint.
5. Follow-up turns a moment into a relationship.

Follow @gogettrdaily for more.

#confidence #communication #success #selfimprovement #shorts"
GG-260830-TT,2026-08-30,19:00,ET,Sun,TikTok,SOCIAL CAPITAL,,T14,Vertical MP4 · motion (1080x1920),yes,Good conversation. Now the part almost everyone skips.,,video.mp4,content_backlog/tiktok/GG-260830-TT,"Good conversation. Now the part almost everyone skips.

Save it now. Send one follow-up you have been sitting on.

#communicationskills #charismatips #confidencetips #careergrowth #careertok"
GG-260830-PIN,2026-08-30,20:00,ET,Sun,Pinterest,SOCIAL CAPITAL,Career Growth & Success,T14,Carousel Pin · 3 cards (1000x1500),no,Good conversation. Now the part almost everyone skips.,Networking Follow Up Template,01_pin.png,content_backlog/pinterest/GG-260830-PIN,Networking Follow Up Template: swipe through all 3 cards. Good conversation. Now the part almost everyone skips. Follow-up turns a moment into a relationship. Save this pin and follow for systems that actually stick.
GG-260831-IG,2026-08-31,08:00,ET,Mon,Instagram (+Facebook link),THE REBUILD,,T15,Carousel · 7 slides (1080x1350),no,You wake up at 22 with no network and no savings. First move?,,01_cover.png,content_backlog/instagram/GG-260831-IG,"Spend the year becoming easy to recommend.

→ Build one month of breathing room.
→ Choose one skill people already pay for.
→ Get stronger and harder to exhaust.
→ Publish proof of work.
→ Become easy to recommend.

Swipe through, save it for later, and send it to someone who needs it. Follow @gogettrdaily for a new system every day.

#career #success #entrepreneur #motivation #selfimprovement"
GG-260831-FB,2026-08-31,09:00,ET,Mon,Facebook,THE REBUILD,,T15,Single image (1080x1350),no,You wake up at 22 with no network and no savings. First move?,,01_card.png,content_backlog/facebook/GG-260831-FB,"You wake up at 22 with no network and no savings. First move?

Spend the year becoming easy to recommend.

→ Build one month of breathing room.
→ Choose one skill people already pay for.
→ Get stronger and harder to exhaust.
→ Publish proof of work.
→ Become easy to recommend.

Which one would move your month the most? Tell me below. (Save the post so it is there when you need it.)

#career #selfimprovement"
GG-260831-X,2026-08-31,09:00,ET,Mon,X / Twitter,THE REBUILD,,T15,Text + image card (1600x900),no,You wake up at 22 with no network and no savings. First move?,,01_card.png,content_backlog/x/GG-260831-X,"You wake up at 22 with no network and no savings. First move?

1. Build one month of breathing room.
2. Choose one skill people already pay for.
3. Get stronger and harder to exhaust.
4. Publish proof of work.
5. Become easy to recommend.

Which move would you make first?

#career #selfimprovement"
GG-260831-LI,2026-08-31,08:00,ET,Mon,LinkedIn,THE REBUILD,,T15,Single image (1080x1080),no,You wake up at 22 with no network and no savings. First move?,,01_card.png,content_backlog/linkedin/GG-260831-LI,"The most capable people I know don't run on willpower. They design defaults.

You wake up at 22 with no network and no savings. First move?

• Build one month of breathing room.
• Choose one skill people already pay for.
• Get stronger and harder to exhaust.
• Publish proof of work.
• Become easy to recommend.

Systems beat motivation because they only ask you to decide once.

#career #success #selfimprovement"
GG-260831-YT,2026-08-31,15:00,ET,Mon,YouTube Shorts,THE REBUILD,,T15,Shorts · vertical MP4 (1080x1920),yes,You wake up at 22 with no network and no savings. First move?,How To Start Over At 22 #shorts,video.mp4,content_backlog/youtube/GG-260831-YT,"How To Start Over At 22

Become easy to recommend.

1. Build one month of breathing room.
2. Choose one skill people already pay for.
3. Get stronger and harder to exhaust.
4. Publish proof of work.
5. Become easy to recommend.

Follow @gogettrdaily for more.

#career #success #entrepreneur #selfimprovement #shorts"
GG-260831-TT,2026-08-31,19:00,ET,Mon,TikTok,THE REBUILD,,T15,Photo carousel · 4 stills (1080x1920),no,You wake up at 22 with no network and no savings. First move?,,01_frame.png,content_backlog/tiktok/GG-260831-TT,"You wake up at 22 with no network and no savings. First move?

Swipe. Which move would you make first? Comment the step you'll run first.

#careergrowth #careertok #careeradvice #mindsetshift #mentalstrength"
GG-260831-PIN,2026-08-31,20:00,ET,Mon,Pinterest,THE REBUILD,Career Growth & Success,T15,Pin 1000x1500,no,You wake up at 22 with no network and no savings. First move?,How To Start Over At 22,01_pin.png,content_backlog/pinterest/GG-260831-PIN,"How To Start Over At 22. You wake up at 22 with no network and no savings. First move? Spend the year becoming easy to recommend. Save this pin for later, and follow @gogettrdaily for more."
GG-260901-IG,2026-09-01,08:00,ET,Tue,Instagram (+Facebook link),DECISION FILTER,,T16,Reel · vertical MP4 (1080x1920),yes,"Before the next yes, buy, quit or delay — run this test.",,video.mp4,content_backlog/instagram/GG-260901-IG,"Make decisions for the person who inherits them.

Run it on the decision you are avoiding.

Watch to the end, save it, then follow @gogettrdaily for a new system every day.

#mindset #motivation #discipline #success #selfimprovement"
GG-260901-FB,2026-09-01,09:00,ET,Tue,Facebook,DECISION FILTER,,T16,Single image (1080x1350),no,"Before the next yes, buy, quit or delay — run this test.",,01_card.png,content_backlog/facebook/GG-260901-FB,"Before the next yes, buy, quit or delay — run this test.

Make decisions for the person who inherits them.

→ Will tomorrow-you thank you?
→ Will one-year-you still care?
→ Will five-year-you pay for it?
→ If the answer worsens with time, change the move.
→ Decide for the person who inherits it.

Which one would move your month the most? Tell me below. (Save the post so it is there when you need it.)

#mindset #selfimprovement"
GG-260901-X,2026-09-01,09:00,ET,Tue,X / Twitter,DECISION FILTER,,T16,Text + image card (1600x900),no,"Before the next yes, buy, quit or delay — run this test.",,01_card.png,content_backlog/x/GG-260901-X,"Before the next yes, buy, quit or delay — run this test.

1. Will tomorrow-you thank you?
2. Will one-year-you still care?
3. Will five-year-you pay for it?
4. If the answer worsens with time, change the move.
5. Decide for the person who inherits it.

Run it on the decision you are avoiding.

#mindset #selfimprovement"
GG-260901-LI,2026-09-01,08:00,ET,Tue,LinkedIn,DECISION FILTER,,T16,Single image (1080x1080),no,"Before the next yes, buy, quit or delay — run this test.",,01_card.png,content_backlog/linkedin/GG-260901-LI,"The most capable people I know don't run on willpower. They design defaults.

Before the next yes, buy, quit or delay — run this test.

• Will tomorrow-you thank you?
• Will one-year-you still care?
• Will five-year-you pay for it?
• If the answer worsens with time, change the move.
• Decide for the person who inherits it.

Systems beat motivation because they only ask you to decide once.

#mindset #motivation #selfimprovement"
GG-260901-YT,2026-09-01,15:00,ET,Tue,YouTube Shorts,DECISION FILTER,,T16,Shorts · vertical MP4 (1080x1920),yes,"Before the next yes, buy, quit or delay — run this test.",How To Make Better Decisions #shorts,video.mp4,content_backlog/youtube/GG-260901-YT,"How To Make Better Decisions

Make decisions for the person who inherits them.

1. Will tomorrow-you thank you?
2. Will one-year-you still care?
3. Will five-year-you pay for it?
4. If the answer worsens with time, change the move.
5. Decide for the person who inherits it.

Follow @gogettrdaily for more.

#mindset #motivation #discipline #selfimprovement #shorts"
GG-260901-TT,2026-09-01,19:00,ET,Tue,TikTok,DECISION FILTER,,T16,Vertical MP4 · motion (1080x1920),yes,"Before the next yes, buy, quit or delay — run this test.",,video.mp4,content_backlog/tiktok/GG-260901-TT,"Before the next yes, buy, quit or delay — run this test.

Bookmark this. Run it on the decision you are avoiding.

#mindsetshift #mentalstrength #growthmindset #habitbuilding #productivitysystem"
GG-260901-PIN,2026-09-01,20:00,ET,Tue,Pinterest,DECISION FILTER,Self Improvement & Discipline,T16,Video Pin · vertical MP4 (1080x1920),yes,"Before the next yes, buy, quit or delay — run this test.",How To Make Better Decisions,video.mp4,content_backlog/pinterest/GG-260901-PIN,"How To Make Better Decisions — the quick breakdown. Before the next yes, buy, quit or delay — run this test. Make decisions for the person who inherits them. Save this pin for the next time you need it."
GG-260902-IG,2026-09-02,08:00,ET,Wed,Instagram (+Facebook link),ESCAPE VELOCITY,,T17,Reel · vertical MP4 (1080x1920),yes,How many months could you breathe if income stopped tomorrow?,,video.mp4,content_backlog/instagram/GG-260902-IG,"That is runway, not net worth. Build the number that changes decisions.

Do the math today. Write the number down.

Watch to the end, save it, then follow @gogettrdaily for a new system every day.

#money #personalfinance #finance #wealth #selfimprovement"
GG-260902-FB,2026-09-02,09:00,ET,Wed,Facebook,ESCAPE VELOCITY,,T17,Single image (1080x1350),no,How many months could you breathe if income stopped tomorrow?,,01_card.png,content_backlog/facebook/GG-260902-FB,"How many months could you breathe if income stopped tomorrow?

That is runway, not net worth. Build the number that changes decisions.

→ Cash you can actually use.
→ Essential monthly burn.
→ Divide.
→ That is runway, not net worth.
→ Build the number that changes your decisions.

Which one would move your month the most? Tell me below. (Save the post so it is there when you need it.)

#money #selfimprovement"
GG-260902-X,2026-09-02,09:00,ET,Wed,X / Twitter,ESCAPE VELOCITY,,T17,Text + image card (1600x900),no,How many months could you breathe if income stopped tomorrow?,,01_card.png,content_backlog/x/GG-260902-X,"How many months could you breathe if income stopped tomorrow?

1. Cash you can actually use.
2. Essential monthly burn.
3. Divide.
4. That is runway, not net worth.
5. Build the number that changes your decisions.

Do the math today. Write the number down.

#money #selfimprovement"
GG-260902-LI,2026-09-02,08:00,ET,Wed,LinkedIn,ESCAPE VELOCITY,,T17,Single image (1080x1080),no,How many months could you breathe if income stopped tomorrow?,,01_card.png,content_backlog/linkedin/GG-260902-LI,"The most capable people I know don't run on willpower. They design defaults.

How many months could you breathe if income stopped tomorrow?

• Cash you can actually use.
• Essential monthly burn.
• Divide.
• That is runway, not net worth.
• Build the number that changes your decisions.

Systems beat motivation because they only ask you to decide once.

#money #personalfinance #selfimprovement"
GG-260902-YT,2026-09-02,15:00,ET,Wed,YouTube Shorts,ESCAPE VELOCITY,,T17,Shorts · vertical MP4 (1080x1920),yes,How many months could you breathe if income stopped tomorrow?,How To Calculate Your Runway #shorts,video.mp4,content_backlog/youtube/GG-260902-YT,"How To Calculate Your Runway

Runway is the number that changes your decisions.

1. Cash you can actually use.
2. Essential monthly burn.
3. Divide.
4. That is runway, not net worth.
5. Build the number that changes your decisions.

Follow @gogettrdaily for more.

#money #personalfinance #finance #selfimprovement #shorts"
GG-260902-TT,2026-09-02,19:00,ET,Wed,TikTok,ESCAPE VELOCITY,,T17,Single image (1080x1920),no,How many months could you breathe if income stopped tomorrow?,,01_frame.png,content_backlog/tiktok/GG-260902-TT,"How many months could you breathe if income stopped tomorrow? Do the math today. Write the number down.

Screenshot this one.

#personalfinancetips #budgetingtips #financialliteracy #worktok #careergrowth"
GG-260902-PIN,2026-09-02,20:00,ET,Wed,Pinterest,ESCAPE VELOCITY,Money & Personal Finance,T17,Pin 1000x1500,no,How many months could you breathe if income stopped tomorrow?,How To Calculate Your Runway,01_pin.png,content_backlog/pinterest/GG-260902-PIN,"How To Calculate Your Runway. How many months could you breathe if income stopped tomorrow? That is runway, not net worth. Build the number that changes decisions. Save this pin for later, and follow @gogettrdaily for more."
GG-260903-IG,2026-09-03,08:00,ET,Thu,Instagram (+Facebook link),RECEIPTS,,T18,Carousel · 8 slides (1080x1350),no,Things that look like success but usually are not.,,01_cover.png,content_backlog/instagram/GG-260903-IG,"Measure what compounds, not what photographs well.

→ A car payment that owns the month.
→ A calendar packed with low-value work.
→ A wardrobe funded by future income.
→ A title with no transferable skill.
→ Measure what compounds, not what photographs well.

Swipe through, save it for later, and send it to someone who needs it. Follow @gogettrdaily for a new system every day.

#money #personalfinance #finance #wealth #selfimprovement"
GG-260903-FB,2026-09-03,09:00,ET,Thu,Facebook,RECEIPTS,,T18,Single image (1080x1350),no,Things that look like success but usually are not.,,01_card.png,content_backlog/facebook/GG-260903-FB,"Things that look like success but usually are not.

Measure what compounds, not what photographs well.

→ A car payment that owns the month.
→ A calendar packed with low-value work.
→ A wardrobe funded by future income.
→ A title with no transferable skill.
→ Measure what compounds, not what photographs well.

Which one would move your month the most? Tell me below. (Save the post so it is there when you need it.)

#money #selfimprovement"
GG-260903-X,2026-09-03,09:00,ET,Thu,X / Twitter,RECEIPTS,,T18,Text + image card (1600x900),no,Things that look like success but usually are not.,,01_card.png,content_backlog/x/GG-260903-X,"Things that look like success but usually are not.

1. A car payment that owns the month.
2. A calendar packed with low-value work.
3. A wardrobe funded by future income.
4. A title with no transferable skill.
5. Measure what compounds, not what photographs well.

Which signal have you been chasing?

#money #selfimprovement"
GG-260903-LI,2026-09-03,08:00,ET,Thu,LinkedIn,RECEIPTS,,T18,Single image (1080x1080),no,Things that look like success but usually are not.,,01_card.png,content_backlog/linkedin/GG-260903-LI,"The most capable people I know don't run on willpower. They design defaults.

Things that look like success but usually are not.

• A car payment that owns the month.
• A calendar packed with low-value work.
• A wardrobe funded by future income.
• A title with no transferable skill.
• Measure what compounds, not what photographs well.

Systems beat motivation because they only ask you to decide once.

#money #personalfinance #selfimprovement"
GG-260903-YT,2026-09-03,15:00,ET,Thu,YouTube Shorts,RECEIPTS,,T18,Shorts · vertical MP4 (1080x1920),yes,Things that look like success but usually are not.,Fake Success Vs Real Success #shorts,video.mp4,content_backlog/youtube/GG-260903-YT,"Fake Success Vs Real Success

Measure what compounds, not what photographs well.

1. A car payment that owns the month.
2. A calendar packed with low-value work.
3. A wardrobe funded by future income.
4. A title with no transferable skill.
5. Measure what compounds, not what photographs well.

Follow @gogettrdaily for more.

#money #personalfinance #finance #selfimprovement #shorts"
GG-260903-TT,2026-09-03,19:00,ET,Thu,TikTok,RECEIPTS,,T18,Photo carousel · 4 stills (1080x1920),no,Things that look like success but usually are not.,,01_frame.png,content_backlog/tiktok/GG-260903-TT,"Things that look like success but usually are not.

Swipe through. Which signal have you been chasing? Drop your number below.

#budgetingtips #financialliteracy #moneytok #stoicmindset #mindsetshift"
GG-260903-PIN,2026-09-03,20:00,ET,Thu,Pinterest,RECEIPTS,Money & Personal Finance,T18,Carousel Pin · 3 cards (1000x1500),no,Things that look like success but usually are not.,Fake Success Vs Real Success,01_pin.png,content_backlog/pinterest/GG-260903-PIN,"Fake Success Vs Real Success: swipe through all 3 cards. Things that look like success but usually are not. Measure what compounds, not what photographs well. Save this pin and follow for systems that actually stick."
GG-260904-IG,2026-09-04,08:00,ET,Fri,Instagram (+Facebook link),MONEY SYSTEMS,,T19,Reel · vertical MP4 (1080x1920),yes,You are paying for more than apps. Most of it is invisible.,,video.mp4,content_backlog/instagram/GG-260904-IG,"Price the behavior, not just the subscription.

Cancel one autopilot today.

Watch to the end, save it, then follow @gogettrdaily for a new system every day.

#money #personalfinance #finance #wealth #selfimprovement"
GG-260904-FB,2026-09-04,09:00,ET,Fri,Facebook,MONEY SYSTEMS,,T19,Single image (1080x1350),no,You are paying for more than apps. Most of it is invisible.,,01_card.png,content_backlog/facebook/GG-260904-FB,"You are paying for more than apps. Most of it is invisible.

Price the behavior, not just the subscription.

→ List recurring charges.
→ Then recurring habits that create spending.
→ Delivery. Convenience fees. Late fees. Top-ups.
→ Price the behavior, not the app.
→ Cancel one financial autopilot working against you.

Which one would move your month the most? Tell me below. (Save the post so it is there when you need it.)

#money #selfimprovement"
GG-260904-X,2026-09-04,09:00,ET,Fri,X / Twitter,MONEY SYSTEMS,,T19,Text + image card (1600x900),no,You are paying for more than apps. Most of it is invisible.,,01_card.png,content_backlog/x/GG-260904-X,"You are paying for more than apps. Most of it is invisible.

1. List recurring charges.
2. Then recurring habits that create spending.
3. Delivery. Convenience fees. Late fees. Top-ups.
4. Price the behavior, not the app.
5. Cancel one financial autopilot working against you.

Cancel one autopilot today.

#money #selfimprovement"
GG-260904-LI,2026-09-04,08:00,ET,Fri,LinkedIn,MONEY SYSTEMS,,T19,Single image (1080x1080),no,You are paying for more than apps. Most of it is invisible.,,01_card.png,content_backlog/linkedin/GG-260904-LI,"The most capable people I know don't run on willpower. They design defaults.

You are paying for more than apps. Most of it is invisible.

• List recurring charges.
• Then recurring habits that create spending.
• Delivery. Convenience fees. Late fees. Top-ups.
• Price the behavior, not the app.
• Cancel one financial autopilot working against you.

Systems beat motivation because they only ask you to decide once.

#money #personalfinance #selfimprovement"
GG-260904-YT,2026-09-04,15:00,ET,Fri,YouTube Shorts,MONEY SYSTEMS,,T19,Shorts · vertical MP4 (1080x1920),yes,You are paying for more than apps. Most of it is invisible.,How To Cut Subscriptions And Save #shorts,video.mp4,content_backlog/youtube/GG-260904-YT,"How To Cut Subscriptions And Save

Price the behavior, not just the subscription.

1. List recurring charges.
2. Then recurring habits that create spending.
3. Delivery. Convenience fees. Late fees. Top-ups.
4. Price the behavior, not the app.
5. Cancel one financial autopilot working against you.

Follow @gogettrdaily for more.

#money #personalfinance #finance #selfimprovement #shorts"
GG-260904-TT,2026-09-04,19:00,ET,Fri,TikTok,MONEY SYSTEMS,,T19,Vertical MP4 · motion (1080x1920),yes,You are paying for more than apps. Most of it is invisible.,,video.mp4,content_backlog/tiktok/GG-260904-TT,"You are paying for more than apps. Most of it is invisible.

Cancel one autopilot today. Which one is you? Drop the number.

#financialliteracy #moneytok #personalfinancetips #declutter #minimalisttok"
GG-260904-PIN,2026-09-04,20:00,ET,Fri,Pinterest,MONEY SYSTEMS,Money & Personal Finance,T19,Pin 1000x1500,no,You are paying for more than apps. Most of it is invisible.,How To Cut Subscriptions And Save,01_pin.png,content_backlog/pinterest/GG-260904-PIN,"How To Cut Subscriptions And Save. You are paying for more than apps. Most of it is invisible. Price the behavior, not just the subscription. Save this pin for later, and follow @gogettrdaily for more."
GG-260905-IG,2026-09-05,08:00,ET,Sat,Instagram (+Facebook link),SYSTEM DESIGN,,T20,Reel · vertical MP4 (1080x1920),yes,Your life gets easier when you stop doing these 5 things.,,video.mp4,content_backlog/instagram/GG-260905-IG,"What if the next upgrade is subtraction?

Pick one to cut for seven days.

Watch to the end, save it, then follow @gogettrdaily for a new system every day.

#mindset #motivation #discipline #success #selfimprovement"
GG-260905-FB,2026-09-05,09:00,ET,Sat,Facebook,SYSTEM DESIGN,,T20,Single image (1080x1350),no,Your life gets easier when you stop doing these 5 things.,,01_card.png,content_backlog/facebook/GG-260905-FB,"Your life gets easier when you stop doing these 5 things.

What if the next upgrade is subtraction?

→ Stop answering everything immediately.
→ Stop buying things to be seen.
→ Stop keeping every option open.
→ Stop negotiating with the plan.
→ Pick one thing to remove for 7 days.

Which one would move your month the most? Tell me below. (Save the post so it is there when you need it.)

#mindset #selfimprovement"
GG-260905-X,2026-09-05,09:00,ET,Sat,X / Twitter,SYSTEM DESIGN,,T20,Text + image card (1600x900),no,Your life gets easier when you stop doing these 5 things.,,01_card.png,content_backlog/x/GG-260905-X,"Your life gets easier when you stop doing these 5 things.

1. Stop answering everything immediately.
2. Stop buying things to be seen.
3. Stop keeping every option open.
4. Stop negotiating with the plan.
5. Pick one thing to remove for 7 days.

Pick one to cut for seven days.

#mindset #selfimprovement"
GG-260905-LI,2026-09-05,08:00,ET,Sat,LinkedIn,SYSTEM DESIGN,,T20,Single image (1080x1080),no,Your life gets easier when you stop doing these 5 things.,,01_card.png,content_backlog/linkedin/GG-260905-LI,"The most capable people I know don't run on willpower. They design defaults.

Your life gets easier when you stop doing these 5 things.

• Stop answering everything immediately.
• Stop buying things to be seen.
• Stop keeping every option open.
• Stop negotiating with the plan.
• Pick one thing to remove for 7 days.

Systems beat motivation because they only ask you to decide once.

#mindset #motivation #selfimprovement"
GG-260905-YT,2026-09-05,15:00,ET,Sat,YouTube Shorts,SYSTEM DESIGN,,T20,Shorts · vertical MP4 (1080x1920),yes,Your life gets easier when you stop doing these 5 things.,Things To Stop Doing To Be Happier #shorts,video.mp4,content_backlog/youtube/GG-260905-YT,"Things To Stop Doing To Be Happier

The next upgrade is subtraction.

1. Stop answering everything immediately.
2. Stop buying things to be seen.
3. Stop keeping every option open.
4. Stop negotiating with the plan.
5. Pick one thing to remove for 7 days.

Follow @gogettrdaily for more.

#mindset #motivation #discipline #selfimprovement #shorts"
GG-260905-TT,2026-09-05,19:00,ET,Sat,TikTok,SYSTEM DESIGN,,T20,Photo carousel · 4 stills (1080x1920),no,Your life gets easier when you stop doing these 5 things.,,01_frame.png,content_backlog/tiktok/GG-260905-TT,"Your life gets easier when you stop doing these 5 things.

Swipe to the end, then save the one you need.

#mindsetshift #mentalstrength #growthmindset #minimalisttok #organizationtips"
GG-260905-PIN,2026-09-05,20:00,ET,Sat,Pinterest,SYSTEM DESIGN,Home & Life Organization,T20,Video Pin · vertical MP4 (1080x1920),yes,Your life gets easier when you stop doing these 5 things.,Things To Stop Doing To Be Happier,video.mp4,content_backlog/pinterest/GG-260905-PIN,Things To Stop Doing To Be Happier — the quick breakdown. Your life gets easier when you stop doing these 5 things. What if the next upgrade is subtraction? Save this pin for the next time you need it.
GG-260906-IG,2026-09-06,08:00,ET,Sun,Instagram (+Facebook link),CAREER SIGNALS,,T21,Carousel · 7 slides (1080x1350),no,You do not need to be elite at one thing if the stack is rare.,,01_cover.png,content_backlog/instagram/GG-260906-IG,"Build a combination that is hard to ignore.

→ Write.
→ Sell.
→ Use new tools quickly.
→ Speak clearly.
→ Understand money.

Swipe through, save it for later, and send it to someone who needs it. Follow @gogettrdaily for a new system every day.

#career #success #entrepreneur #motivation #selfimprovement"
GG-260906-FB,2026-09-06,09:00,ET,Sun,Facebook,CAREER SIGNALS,,T21,Single image (1080x1350),no,You do not need to be elite at one thing if the stack is rare.,,01_card.png,content_backlog/facebook/GG-260906-FB,"You do not need to be elite at one thing if the stack is rare.

Build a combination that is hard to ignore.

→ Write.
→ Sell.
→ Use new tools quickly.
→ Speak clearly.
→ Understand money.

Which one would move your month the most? Tell me below. (Save the post so it is there when you need it.)

#career #selfimprovement"
GG-260906-X,2026-09-06,09:00,ET,Sun,X / Twitter,CAREER SIGNALS,,T21,Text + image card (1600x900),no,You do not need to be elite at one thing if the stack is rare.,,01_card.png,content_backlog/x/GG-260906-X,"You do not need to be elite at one thing if the stack is rare.

1. Write.
2. Sell.
3. Use new tools quickly.
4. Speak clearly.
5. Understand money.

Which one is your weakest? Start there.

#career #selfimprovement"
GG-260906-LI,2026-09-06,08:00,ET,Sun,LinkedIn,CAREER SIGNALS,,T21,Single image (1080x1080),no,You do not need to be elite at one thing if the stack is rare.,,01_card.png,content_backlog/linkedin/GG-260906-LI,"The most capable people I know don't run on willpower. They design defaults.

You do not need to be elite at one thing if the stack is rare.

• Write.
• Sell.
• Use new tools quickly.
• Speak clearly.
• Understand money.

Systems beat motivation because they only ask you to decide once.

#career #success #selfimprovement"
GG-260906-YT,2026-09-06,15:00,ET,Sun,YouTube Shorts,CAREER SIGNALS,,T21,Shorts · vertical MP4 (1080x1920),yes,You do not need to be elite at one thing if the stack is rare.,Most Valuable Skills To Learn #shorts,video.mp4,content_backlog/youtube/GG-260906-YT,"Most Valuable Skills To Learn

A rare stack beats a single talent.

1. Write.
2. Sell.
3. Use new tools quickly.
4. Speak clearly.
5. Understand money.

Follow @gogettrdaily for more.

#career #success #entrepreneur #selfimprovement #shorts"
GG-260906-TT,2026-09-06,19:00,ET,Sun,TikTok,CAREER SIGNALS,,T21,Vertical MP4 · motion (1080x1920),yes,You do not need to be elite at one thing if the stack is rare.,,video.mp4,content_backlog/tiktok/GG-260906-TT,"You do not need to be elite at one thing if the stack is rare.

Which one is your weakest? Start there. Send it to someone who needs it.

#careeradvice #worktok #careergrowth #productivitysystem #systemsthinking"
GG-260906-PIN,2026-09-06,20:00,ET,Sun,Pinterest,CAREER SIGNALS,Career Growth & Success,T21,Pin 1000x1500,no,You do not need to be elite at one thing if the stack is rare.,Most Valuable Skills To Learn,01_pin.png,content_backlog/pinterest/GG-260906-PIN,"Most Valuable Skills To Learn. You do not need to be elite at one thing if the stack is rare. Build a combination that is hard to ignore. Save this pin for later, and follow @gogettrdaily for more."
GG-260907-IG,2026-09-07,08:00,ET,Mon,Instagram (+Facebook link),168 HOURS,,T22,Reel · vertical MP4 (1080x1920),yes,168 hours a week. Most of us can only account for 90.,,video.mp4,content_backlog/instagram/GG-260907-IG,"The calendar keeps receipts. Read last week before you plan next.

Reclaim one hour. Schedule it now.

Watch to the end, save it, then follow @gogettrdaily for a new system every day.

#productivity #timemanagement #focus #success #selfimprovement"
GG-260907-FB,2026-09-07,09:00,ET,Mon,Facebook,168 HOURS,,T22,Single image (1080x1350),no,168 hours a week. Most of us can only account for 90.,,01_card.png,content_backlog/facebook/GG-260907-FB,"168 hours a week. Most of us can only account for 90.

The calendar keeps receipts. Read last week before you plan next.

→ Sleep is a third of it.
→ Work takes its slice.
→ Then the 90 nobody tracks.
→ Find the ten you would take back.
→ Put one reclaimed hour on the calendar.

Which one would move your month the most? Tell me below. (Save the post so it is there when you need it.)

#productivity #selfimprovement"
GG-260907-X,2026-09-07,09:00,ET,Mon,X / Twitter,168 HOURS,,T22,Text + image card (1600x900),no,168 hours a week. Most of us can only account for 90.,,01_card.png,content_backlog/x/GG-260907-X,"168 hours a week. Most of us can only account for 90.

1. Sleep is a third of it.
2. Work takes its slice.
3. Then the 90 nobody tracks.
4. Find the ten you would take back.
5. Put one reclaimed hour on the calendar.

Reclaim one hour. Schedule it now.

#productivity #selfimprovement"
GG-260907-LI,2026-09-07,08:00,ET,Mon,LinkedIn,168 HOURS,,T22,Single image (1080x1080),no,168 hours a week. Most of us can only account for 90.,,01_card.png,content_backlog/linkedin/GG-260907-LI,"The most capable people I know don't run on willpower. They design defaults.

168 hours a week. Most of us can only account for 90.

• Sleep is a third of it.
• Work takes its slice.
• Then the 90 nobody tracks.
• Find the ten you would take back.
• Put one reclaimed hour on the calendar.

Systems beat motivation because they only ask you to decide once.

#productivity #timemanagement #selfimprovement"
GG-260907-YT,2026-09-07,15:00,ET,Mon,YouTube Shorts,168 HOURS,,T22,Shorts · vertical MP4 (1080x1920),yes,168 hours a week. Most of us can only account for 90.,Where Does My Time Go #shorts,video.mp4,content_backlog/youtube/GG-260907-YT,"Where Does My Time Go

168 hours a week. Where do yours go?

1. Sleep is a third of it.
2. Work takes its slice.
3. Then the 90 nobody tracks.
4. Find the ten you would take back.
5. Put one reclaimed hour on the calendar.

Follow @gogettrdaily for more.

#productivity #timemanagement #focus #selfimprovement #shorts"
GG-260907-TT,2026-09-07,19:00,ET,Mon,TikTok,168 HOURS,,T22,Single image (1080x1920),no,168 hours a week. Most of us can only account for 90.,,01_frame.png,content_backlog/tiktok/GG-260907-TT,"168 hours a week. Most of us can only account for 90. Reclaim one hour. Schedule it now.

Screenshot this one.

#timemanagementtips #deepwork #timeblocking #systemsthinking #atomichabits"
GG-260907-PIN,2026-09-07,20:00,ET,Mon,Pinterest,168 HOURS,Productivity & Time Management,T22,Carousel Pin · 3 cards (1000x1500),no,168 hours a week. Most of us can only account for 90.,Where Does My Time Go,01_pin.png,content_backlog/pinterest/GG-260907-PIN,Where Does My Time Go: swipe through all 3 cards. 168 hours a week. Most of us can only account for 90. The calendar keeps receipts. Read last week before you plan next. Save this pin and follow for systems that actually stick.
GG-260908-IG,2026-09-08,08:00,ET,Tue,Instagram (+Facebook link),ONE-WAY DOORS,,T23,Reel · vertical MP4 (1080x1920),yes,The most expensive habit nobody prices: waiting.,,video.mp4,content_backlog/instagram/GG-260908-IG,"Delay compounds too.

What have you been waiting on? Start it.

Watch to the end, save it, then follow @gogettrdaily for a new system every day.

#mindset #motivation #discipline #success #selfimprovement"
GG-260908-FB,2026-09-08,09:00,ET,Tue,Facebook,ONE-WAY DOORS,,T23,Single image (1080x1350),no,The most expensive habit nobody prices: waiting.,,01_card.png,content_backlog/facebook/GG-260908-FB,"The most expensive habit nobody prices: waiting.

Delay compounds too.

→ Waiting to apply.
→ Waiting to invest.
→ Waiting to leave.
→ Waiting to start.
→ Delay compounds too.

Which one would move your month the most? Tell me below. (Save the post so it is there when you need it.)

#mindset #selfimprovement"
GG-260908-X,2026-09-08,09:00,ET,Tue,X / Twitter,ONE-WAY DOORS,,T23,Text + image card (1600x900),no,The most expensive habit nobody prices: waiting.,,01_card.png,content_backlog/x/GG-260908-X,"The most expensive habit nobody prices: waiting.

1. Waiting to apply.
2. Waiting to invest.
3. Waiting to leave.
4. Waiting to start.
5. Delay compounds too.

What have you been waiting on? Start it.

#mindset #selfimprovement"
GG-260908-LI,2026-09-08,08:00,ET,Tue,LinkedIn,ONE-WAY DOORS,,T23,Single image (1080x1080),no,The most expensive habit nobody prices: waiting.,,01_card.png,content_backlog/linkedin/GG-260908-LI,"The most capable people I know don't run on willpower. They design defaults.

The most expensive habit nobody prices: waiting.

• Waiting to apply.
• Waiting to invest.
• Waiting to leave.
• Waiting to start.
• Delay compounds too.

Systems beat motivation because they only ask you to decide once.

#mindset #motivation #selfimprovement"
GG-260908-YT,2026-09-08,15:00,ET,Tue,YouTube Shorts,ONE-WAY DOORS,,T23,Shorts · vertical MP4 (1080x1920),yes,The most expensive habit nobody prices: waiting.,Cost Of Waiting Too Long #shorts,video.mp4,content_backlog/youtube/GG-260908-YT,"Cost Of Waiting Too Long

Delay compounds too.

1. Waiting to apply.
2. Waiting to invest.
3. Waiting to leave.
4. Waiting to start.
5. Delay compounds too.

Follow @gogettrdaily for more.

#mindset #motivation #discipline #selfimprovement #shorts"
GG-260908-TT,2026-09-08,19:00,ET,Tue,TikTok,ONE-WAY DOORS,,T23,Vertical MP4 · motion (1080x1920),yes,The most expensive habit nobody prices: waiting.,,video.mp4,content_backlog/tiktok/GG-260908-TT,"The most expensive habit nobody prices: waiting.

What have you been waiting on? Start it. Tell me the one you'll skip.

#stoicmindset #mindsetshift #mentalstrength #moneytok #personalfinancetips"
GG-260908-PIN,2026-09-08,20:00,ET,Tue,Pinterest,ONE-WAY DOORS,Money & Personal Finance,T23,Pin 1000x1500,no,The most expensive habit nobody prices: waiting.,Cost Of Waiting Too Long,01_pin.png,content_backlog/pinterest/GG-260908-PIN,"Cost Of Waiting Too Long. The most expensive habit nobody prices: waiting. Delay compounds too. Save this pin for later, and follow @gogettrdaily for more."
GG-260909-IG,2026-09-09,08:00,ET,Wed,Instagram (+Facebook link),PURCHASE LAB,,T24,Carousel · 8 slides (1080x1350),no,Cheap gets expensive when you use it every day.,,01_cover.png,content_backlog/instagram/GG-260909-IG,"Buy once where it touches your body and your work.

→ Sleep surface.
→ Shoes.
→ Office chair.
→ Luggage.
→ Daily-use tech.

Swipe through, save it for later, and send it to someone who needs it. Follow @gogettrdaily for a new system every day.

#money #personalfinance #finance #wealth #selfimprovement"
GG-260909-FB,2026-09-09,09:00,ET,Wed,Facebook,PURCHASE LAB,,T24,Single image (1080x1350),no,Cheap gets expensive when you use it every day.,,01_card.png,content_backlog/facebook/GG-260909-FB,"Cheap gets expensive when you use it every day.

Buy once where it touches your body and your work.

→ Sleep surface.
→ Shoes.
→ Office chair.
→ Luggage.
→ Daily-use tech.

Which one would move your month the most? Tell me below. (Save the post so it is there when you need it.)

#money #selfimprovement"
GG-260909-X,2026-09-09,09:00,ET,Wed,X / Twitter,PURCHASE LAB,,T24,Text + image card (1600x900),no,Cheap gets expensive when you use it every day.,,01_card.png,content_backlog/x/GG-260909-X,"Cheap gets expensive when you use it every day.

1. Sleep surface.
2. Shoes.
3. Office chair.
4. Luggage.
5. Daily-use tech.

Which one are you overdue to upgrade?

#money #selfimprovement"
GG-260909-LI,2026-09-09,08:00,ET,Wed,LinkedIn,PURCHASE LAB,,T24,Single image (1080x1080),no,Cheap gets expensive when you use it every day.,,01_card.png,content_backlog/linkedin/GG-260909-LI,"The most capable people I know don't run on willpower. They design defaults.

Cheap gets expensive when you use it every day.

• Sleep surface.
• Shoes.
• Office chair.
• Luggage.
• Daily-use tech.

Systems beat motivation because they only ask you to decide once.

#money #personalfinance #selfimprovement"
GG-260909-YT,2026-09-09,15:00,ET,Wed,YouTube Shorts,PURCHASE LAB,,T24,Shorts · vertical MP4 (1080x1920),yes,Cheap gets expensive when you use it every day.,Buy It For Life Essentials #shorts,video.mp4,content_backlog/youtube/GG-260909-YT,"Buy It For Life Essentials

Cheap gets expensive when you use it every day.

1. Sleep surface.
2. Shoes.
3. Office chair.
4. Luggage.
5. Daily-use tech.

Follow @gogettrdaily for more.

#money #personalfinance #finance #selfimprovement #shorts"
GG-260909-TT,2026-09-09,19:00,ET,Wed,TikTok,PURCHASE LAB,,T24,Photo carousel · 5 stills (1080x1920),no,Cheap gets expensive when you use it every day.,,01_frame.png,content_backlog/tiktok/GG-260909-TT,"Cheap gets expensive when you use it every day.

Swipe through. Which one are you overdue to upgrade? Drop your number below.

#moneytok #personalfinancetips #budgetingtips #minimalisttok #organizationtips"
GG-260909-PIN,2026-09-09,20:00,ET,Wed,Pinterest,PURCHASE LAB,Money & Personal Finance,T24,Video Pin · vertical MP4 (1080x1920),yes,Cheap gets expensive when you use it every day.,Buy It For Life Essentials,video.mp4,content_backlog/pinterest/GG-260909-PIN,Buy It For Life Essentials — the quick breakdown. Cheap gets expensive when you use it every day. Buy once where it touches your body and your work. Save this pin for the next time you need it.
GG-260910-IG,2026-09-10,08:00,ET,Thu,Instagram (+Facebook link),THE AUDIT,,T25,Reel · vertical MP4 (1080x1920),yes,Your calendar is a better personality test than your bio.,,video.mp4,content_backlog/instagram/GG-260910-IG,"Do not tell me your priorities. Show me last week.

Open last week. What does it confess?

Watch to the end, save it, then follow @gogettrdaily for a new system every day.

#productivity #timemanagement #focus #success #selfimprovement"
GG-260910-FB,2026-09-10,09:00,ET,Thu,Facebook,THE AUDIT,,T25,Single image (1080x1350),no,Your calendar is a better personality test than your bio.,,01_card.png,content_backlog/facebook/GG-260910-FB,"Your calendar is a better personality test than your bio.

Do not tell me your priorities. Show me last week.

→ Where did the evenings go?
→ Who got your best hours?
→ What moved forward?
→ What kept getting moved?
→ The calendar keeps receipts.

Which one would move your month the most? Tell me below. (Save the post so it is there when you need it.)

#productivity #selfimprovement"
GG-260910-X,2026-09-10,09:00,ET,Thu,X / Twitter,THE AUDIT,,T25,Text + image card (1600x900),no,Your calendar is a better personality test than your bio.,,01_card.png,content_backlog/x/GG-260910-X,"Your calendar is a better personality test than your bio.

1. Where did the evenings go?
2. Who got your best hours?
3. What moved forward?
4. What kept getting moved?
5. The calendar keeps receipts.

Open last week. What does it confess?

#productivity #selfimprovement"
GG-260910-LI,2026-09-10,08:00,ET,Thu,LinkedIn,THE AUDIT,,T25,Single image (1080x1080),no,Your calendar is a better personality test than your bio.,,01_card.png,content_backlog/linkedin/GG-260910-LI,"The most capable people I know don't run on willpower. They design defaults.

Your calendar is a better personality test than your bio.

• Where did the evenings go?
• Who got your best hours?
• What moved forward?
• What kept getting moved?
• The calendar keeps receipts.

Systems beat motivation because they only ask you to decide once.

#productivity #timemanagement #selfimprovement"
GG-260910-YT,2026-09-10,15:00,ET,Thu,YouTube Shorts,THE AUDIT,,T25,Shorts · vertical MP4 (1080x1920),yes,Your calendar is a better personality test than your bio.,What Your Calendar Says About You #shorts,video.mp4,content_backlog/youtube/GG-260910-YT,"What Your Calendar Says About You

Your calendar is your portfolio.

1. Where did the evenings go?
2. Who got your best hours?
3. What moved forward?
4. What kept getting moved?
5. The calendar keeps receipts.

Follow @gogettrdaily for more.

#productivity #timemanagement #focus #selfimprovement #shorts"
GG-260910-TT,2026-09-10,19:00,ET,Thu,TikTok,THE AUDIT,,T25,Vertical MP4 · motion (1080x1920),yes,Your calendar is a better personality test than your bio.,,video.mp4,content_backlog/tiktok/GG-260910-TT,"Your calendar is a better personality test than your bio.

Open last week. What does it confess? Comment where you're starting.

#productivitytok #timemanagementtips #deepwork #growthmindset #stoicmindset"
GG-260910-PIN,2026-09-10,20:00,ET,Thu,Pinterest,THE AUDIT,Productivity & Time Management,T25,Pin 1000x1500,no,Your calendar is a better personality test than your bio.,What Your Calendar Says About You,01_pin.png,content_backlog/pinterest/GG-260910-PIN,"What Your Calendar Says About You. Your calendar is a better personality test than your bio. Do not tell me your priorities. Show me last week. Save this pin for later, and follow @gogettrdaily for more."
GG-260911-IG,2026-09-11,08:00,ET,Fri,Instagram (+Facebook link),MONEY SYSTEMS,,T26,Reel · vertical MP4 (1080x1920),yes,"Two people get the same $1,000. Same money, different year.",,video.mp4,content_backlog/instagram/GG-260911-IG,"Same money. Different sequence.

Which sequence are you running?

Watch to the end, save it, then follow @gogettrdaily for a new system every day.

#money #personalfinance #finance #wealth #selfimprovement"
GG-260911-FB,2026-09-11,09:00,ET,Fri,Facebook,MONEY SYSTEMS,,T26,Single image (1080x1350),no,"Two people get the same $1,000. Same money, different year.",,01_card.png,content_backlog/facebook/GG-260911-FB,"Two people get the same $1,000. Same money, different year.

Same money. Different sequence.

→ Person A upgrades what can be seen.
→ Person B buys breathing room.
→ Then a tool or a skill.
→ Then an asset.
→ Same money. Different sequence.

Which one would move your month the most? Tell me below. (Save the post so it is there when you need it.)

#money #selfimprovement"
GG-260911-X,2026-09-11,09:00,ET,Fri,X / Twitter,MONEY SYSTEMS,,T26,Text + image card (1600x900),no,"Two people get the same $1,000. Same money, different year.",,01_card.png,content_backlog/x/GG-260911-X,"Two people get the same $1,000. Same money, different year.

1. Person A upgrades what can be seen.
2. Person B buys breathing room.
3. Then a tool or a skill.
4. Then an asset.
5. Same money. Different sequence.

Which sequence are you running?

#money #selfimprovement"
GG-260911-LI,2026-09-11,08:00,ET,Fri,LinkedIn,MONEY SYSTEMS,,T26,Single image (1080x1080),no,"Two people get the same $1,000. Same money, different year.",,01_card.png,content_backlog/linkedin/GG-260911-LI,"The most capable people I know don't run on willpower. They design defaults.

Two people get the same $1,000. Same money, different year.

• Person A upgrades what can be seen.
• Person B buys breathing room.
• Then a tool or a skill.
• Then an asset.
• Same money. Different sequence.

Systems beat motivation because they only ask you to decide once.

#money #personalfinance #selfimprovement"
GG-260911-YT,2026-09-11,15:00,ET,Fri,YouTube Shorts,MONEY SYSTEMS,,T26,Shorts · vertical MP4 (1080x1920),yes,"Two people get the same $1,000. Same money, different year.",Smart Ways To Use 1000 Dollars #shorts,video.mp4,content_backlog/youtube/GG-260911-YT,"Smart Ways To Use 1000 Dollars

Same money. Different sequence.

1. Person A upgrades what can be seen.
2. Person B buys breathing room.
3. Then a tool or a skill.
4. Then an asset.
5. Same money. Different sequence.

Follow @gogettrdaily for more.

#money #personalfinance #finance #selfimprovement #shorts"
GG-260911-TT,2026-09-11,19:00,ET,Fri,TikTok,MONEY SYSTEMS,,T26,Single image (1080x1920),no,"Two people get the same $1,000. Same money, different year.",,01_frame.png,content_backlog/tiktok/GG-260911-TT,"Two people get the same $1,000. Same money, different year. Which sequence are you running?

Save it for the next time you need it.

#budgetingtips #financialliteracy #moneytok #stoicmindset #mindsetshift"
GG-260911-PIN,2026-09-11,20:00,ET,Fri,Pinterest,MONEY SYSTEMS,Money & Personal Finance,T26,Carousel Pin · 3 cards (1000x1500),no,"Two people get the same $1,000. Same money, different year.",Smart Ways To Use 1000 Dollars,01_pin.png,content_backlog/pinterest/GG-260911-PIN,"Smart Ways To Use 1000 Dollars: swipe through all 3 cards. Two people get the same $1,000. Same money, different year. Same money. Different sequence. Save this pin and follow for systems that actually stick."
GG-260912-IG,2026-09-12,08:00,ET,Sat,Instagram (+Facebook link),SOCIAL CAPITAL,,T27,Carousel · 7 slides (1080x1350),no,People notice these before they notice your clothes.,,01_cover.png,content_backlog/instagram/GG-260912-IG,"Your outfit is not the first signal.

→ Posture.
→ Voice.
→ Grooming.
→ Eye contact.
→ Whether your attention is actually in the room.

Swipe through, save it for later, and send it to someone who needs it. Follow @gogettrdaily for a new system every day.

#confidence #communication #success #relationships #selfimprovement"
GG-260912-FB,2026-09-12,09:00,ET,Sat,Facebook,SOCIAL CAPITAL,,T27,Single image (1080x1350),no,People notice these before they notice your clothes.,,01_card.png,content_backlog/facebook/GG-260912-FB,"People notice these before they notice your clothes.

Your outfit is not the first signal.

→ Posture.
→ Voice.
→ Grooming.
→ Eye contact.
→ Whether your attention is actually in the room.

Which one would move your month the most? Tell me below. (Save the post so it is there when you need it.)

#confidence #selfimprovement"
GG-260912-X,2026-09-12,09:00,ET,Sat,X / Twitter,SOCIAL CAPITAL,,T27,Text + image card (1600x900),no,People notice these before they notice your clothes.,,01_card.png,content_backlog/x/GG-260912-X,"People notice these before they notice your clothes.

1. Posture.
2. Voice.
3. Grooming.
4. Eye contact.
5. Whether your attention is actually in the room.

Which one will you fix this week?

#confidence #selfimprovement"
GG-260912-LI,2026-09-12,08:00,ET,Sat,LinkedIn,SOCIAL CAPITAL,,T27,Single image (1080x1080),no,People notice these before they notice your clothes.,,01_card.png,content_backlog/linkedin/GG-260912-LI,"The most capable people I know don't run on willpower. They design defaults.

People notice these before they notice your clothes.

• Posture.
• Voice.
• Grooming.
• Eye contact.
• Whether your attention is actually in the room.

Systems beat motivation because they only ask you to decide once.

#confidence #communication #selfimprovement"
GG-260912-YT,2026-09-12,15:00,ET,Sat,YouTube Shorts,SOCIAL CAPITAL,,T27,Shorts · vertical MP4 (1080x1920),yes,People notice these before they notice your clothes.,How To Make A Good Impression #shorts,video.mp4,content_backlog/youtube/GG-260912-YT,"How To Make A Good Impression

Presence is the first thing people read.

1. Posture.
2. Voice.
3. Grooming.
4. Eye contact.
5. Whether your attention is actually in the room.

Follow @gogettrdaily for more.

#confidence #communication #success #selfimprovement #shorts"
GG-260912-TT,2026-09-12,19:00,ET,Sat,TikTok,SOCIAL CAPITAL,,T27,Photo carousel · 4 stills (1080x1920),no,People notice these before they notice your clothes.,,01_frame.png,content_backlog/tiktok/GG-260912-TT,"People notice these before they notice your clothes.

Swipe. Which one will you fix this week? Comment the step you'll run first.

#charismatips #confidencetips #socialskills #mindsetshift #mentalstrength"
GG-260912-PIN,2026-09-12,20:00,ET,Sat,Pinterest,SOCIAL CAPITAL,Confidence & Social Skills,T27,Pin 1000x1500,no,People notice these before they notice your clothes.,How To Make A Good Impression,01_pin.png,content_backlog/pinterest/GG-260912-PIN,"How To Make A Good Impression. People notice these before they notice your clothes. Your outfit is not the first signal. Save this pin for later, and follow @gogettrdaily for more."
GG-260913-IG,2026-09-13,08:00,ET,Sun,Instagram (+Facebook link),FRICTION FILE,,T28,Reel · vertical MP4 (1080x1920),yes,You have 20 minutes. Use them where the return lasts.,,video.mp4,content_backlog/instagram/GG-260913-IG,"Small friction removed today pays every day after.

Set a 20-minute timer. Pick one.

Watch to the end, save it, then follow @gogettrdaily for a new system every day.

#productivity #timemanagement #focus #success #selfimprovement"
GG-260913-FB,2026-09-13,09:00,ET,Sun,Facebook,FRICTION FILE,,T28,Single image (1080x1350),no,You have 20 minutes. Use them where the return lasts.,,01_card.png,content_backlog/facebook/GG-260913-FB,"You have 20 minutes. Use them where the return lasts.

Small friction removed today pays every day after.

→ Cancel one dead subscription.
→ Book the appointment.
→ Clear the desk.
→ Move money automatically.
→ Send the message you keep postponing.

Which one would move your month the most? Tell me below. (Save the post so it is there when you need it.)

#productivity #selfimprovement"
GG-260913-X,2026-09-13,09:00,ET,Sun,X / Twitter,FRICTION FILE,,T28,Text + image card (1600x900),no,You have 20 minutes. Use them where the return lasts.,,01_card.png,content_backlog/x/GG-260913-X,"You have 20 minutes. Use them where the return lasts.

1. Cancel one dead subscription.
2. Book the appointment.
3. Clear the desk.
4. Move money automatically.
5. Send the message you keep postponing.

Set a 20-minute timer. Pick one.

#productivity #selfimprovement"
GG-260913-LI,2026-09-13,08:00,ET,Sun,LinkedIn,FRICTION FILE,,T28,Single image (1080x1080),no,You have 20 minutes. Use them where the return lasts.,,01_card.png,content_backlog/linkedin/GG-260913-LI,"The most capable people I know don't run on willpower. They design defaults.

You have 20 minutes. Use them where the return lasts.

• Cancel one dead subscription.
• Book the appointment.
• Clear the desk.
• Move money automatically.
• Send the message you keep postponing.

Systems beat motivation because they only ask you to decide once.

#productivity #timemanagement #selfimprovement"
GG-260913-YT,2026-09-13,15:00,ET,Sun,YouTube Shorts,FRICTION FILE,,T28,Shorts · vertical MP4 (1080x1920),yes,You have 20 minutes. Use them where the return lasts.,Quick Productivity Wins #shorts,video.mp4,content_backlog/youtube/GG-260913-YT,"Quick Productivity Wins

Twenty minutes on the right friction pays for months.

1. Cancel one dead subscription.
2. Book the appointment.
3. Clear the desk.
4. Move money automatically.
5. Send the message you keep postponing.

Follow @gogettrdaily for more.

#productivity #timemanagement #focus #selfimprovement #shorts"
GG-260913-TT,2026-09-13,19:00,ET,Sun,TikTok,FRICTION FILE,,T28,Vertical MP4 · motion (1080x1920),yes,You have 20 minutes. Use them where the return lasts.,,video.mp4,content_backlog/tiktok/GG-260913-TT,"You have 20 minutes. Use them where the return lasts.

Set a 20-minute timer. Pick one. Follow for the next system.

#timeblocking #productivitytok #timemanagementtips #habitbuilding #productivitysystem"
GG-260913-PIN,2026-09-13,20:00,ET,Sun,Pinterest,FRICTION FILE,Productivity & Time Management,T28,Video Pin · vertical MP4 (1080x1920),yes,You have 20 minutes. Use them where the return lasts.,Quick Productivity Wins,video.mp4,content_backlog/pinterest/GG-260913-PIN,Quick Productivity Wins — the quick breakdown. You have 20 minutes. Use them where the return lasts. Small friction removed today pays every day after. Save this pin for the next time you need it.
GG-260914-IG,2026-09-14,08:00,ET,Mon,Instagram (+Facebook link),BORING EDGE,,T29,Reel · vertical MP4 (1080x1920),yes,What successful people make boring.,,video.mp4,content_backlog/instagram/GG-260914-IG,"The goal is to make the right move unsurprising.

Which habit needs to get boring for you?

Watch to the end, save it, then follow @gogettrdaily for a new system every day.

#mindset #motivation #discipline #success #selfimprovement"
GG-260914-FB,2026-09-14,09:00,ET,Mon,Facebook,BORING EDGE,,T29,Single image (1080x1350),no,What successful people make boring.,,01_card.png,content_backlog/facebook/GG-260914-FB,"What successful people make boring.

The goal is to make the right move unsurprising.

→ Saving.
→ Training.
→ Following up.
→ Sleeping.
→ Make the right move unsurprising.

Which one would move your month the most? Tell me below. (Save the post so it is there when you need it.)

#mindset #selfimprovement"
GG-260914-X,2026-09-14,09:00,ET,Mon,X / Twitter,BORING EDGE,,T29,Text + image card (1600x900),no,What successful people make boring.,,01_card.png,content_backlog/x/GG-260914-X,"What successful people make boring.

1. Saving.
2. Training.
3. Following up.
4. Sleeping.
5. Make the right move unsurprising.

Which habit needs to get boring for you?

#mindset #selfimprovement"
GG-260914-LI,2026-09-14,08:00,ET,Mon,LinkedIn,BORING EDGE,,T29,Single image (1080x1080),no,What successful people make boring.,,01_card.png,content_backlog/linkedin/GG-260914-LI,"The most capable people I know don't run on willpower. They design defaults.

What successful people make boring.

• Saving.
• Training.
• Following up.
• Sleeping.
• Make the right move unsurprising.

Systems beat motivation because they only ask you to decide once.

#mindset #motivation #selfimprovement"
GG-260914-YT,2026-09-14,15:00,ET,Mon,YouTube Shorts,BORING EDGE,,T29,Shorts · vertical MP4 (1080x1920),yes,What successful people make boring.,Boring Habits That Build Success #shorts,video.mp4,content_backlog/youtube/GG-260914-YT,"Boring Habits That Build Success

Make the right move unsurprising.

1. Saving.
2. Training.
3. Following up.
4. Sleeping.
5. Make the right move unsurprising.

Follow @gogettrdaily for more.

#mindset #motivation #discipline #selfimprovement #shorts"
GG-260914-TT,2026-09-14,19:00,ET,Mon,TikTok,BORING EDGE,,T29,Photo carousel · 5 stills (1080x1920),no,What successful people make boring.,,01_frame.png,content_backlog/tiktok/GG-260914-TT,"What successful people make boring.

Swipe. Which one are you skipping? Be honest.

#mentalstrength #growthmindset #stoicmindset #productivitysystem #systemsthinking"
GG-260914-PIN,2026-09-14,20:00,ET,Mon,Pinterest,BORING EDGE,Self Improvement & Discipline,T29,Pin 1000x1500,no,What successful people make boring.,Boring Habits That Build Success,01_pin.png,content_backlog/pinterest/GG-260914-PIN,"Boring Habits That Build Success. What successful people make boring. The goal is to make the right move unsurprising. Save this pin for later, and follow @gogettrdaily for more."
GG-260915-IG,2026-09-15,08:00,ET,Tue,Instagram (+Facebook link),PURCHASE LAB,,T30,Carousel · 8 slides (1080x1350),no,Checkout can wait 60 seconds. Run the first check.,,01_cover.png,content_backlog/instagram/GG-260915-IG,"If the answers are weak, leave the tab open.

→ Will you use it 50 times?
→ What is the cost per use?
→ Are you buying the logo or the function?
→ Would you still buy it without financing?
→ If the answers are weak, leave the tab open.

Swipe through, save it for later, and send it to someone who needs it. Follow @gogettrdaily for a new system every day.

#money #personalfinance #finance #wealth #selfimprovement"
GG-260915-FB,2026-09-15,09:00,ET,Tue,Facebook,PURCHASE LAB,,T30,Single image (1080x1350),no,Checkout can wait 60 seconds. Run the first check.,,01_card.png,content_backlog/facebook/GG-260915-FB,"Checkout can wait 60 seconds. Run the first check.

If the answers are weak, leave the tab open.

→ Will you use it 50 times?
→ What is the cost per use?
→ Are you buying the logo or the function?
→ Would you still buy it without financing?
→ If the answers are weak, leave the tab open.

Which one would move your month the most? Tell me below. (Save the post so it is there when you need it.)

#money #selfimprovement"
GG-260915-X,2026-09-15,09:00,ET,Tue,X / Twitter,PURCHASE LAB,,T30,Text + image card (1600x900),no,Checkout can wait 60 seconds. Run the first check.,,01_card.png,content_backlog/x/GG-260915-X,"Checkout can wait 60 seconds. Run the first check.

1. Will you use it 50 times?
2. What is the cost per use?
3. Are you buying the logo or the function?
4. Would you still buy it without financing?
5. If the answers are weak, leave the tab open.

Save this before your next cart.

#money #selfimprovement"
GG-260915-LI,2026-09-15,08:00,ET,Tue,LinkedIn,PURCHASE LAB,,T30,Single image (1080x1080),no,Checkout can wait 60 seconds. Run the first check.,,01_card.png,content_backlog/linkedin/GG-260915-LI,"The most capable people I know don't run on willpower. They design defaults.

Checkout can wait 60 seconds. Run the first check.

• Will you use it 50 times?
• What is the cost per use?
• Are you buying the logo or the function?
• Would you still buy it without financing?
• If the answers are weak, leave the tab open.

Systems beat motivation because they only ask you to decide once.

#money #personalfinance #selfimprovement"
GG-260915-YT,2026-09-15,15:00,ET,Tue,YouTube Shorts,PURCHASE LAB,,T30,Shorts · vertical MP4 (1080x1920),yes,Checkout can wait 60 seconds. Run the first check.,How To Stop Impulse Buying #shorts,video.mp4,content_backlog/youtube/GG-260915-YT,"How To Stop Impulse Buying

If the answers are weak, leave the tab open.

1. Will you use it 50 times?
2. What is the cost per use?
3. Are you buying the logo or the function?
4. Would you still buy it without financing?
5. If the answers are weak, leave the tab open.

Follow @gogettrdaily for more.

#money #personalfinance #finance #selfimprovement #shorts"
GG-260915-TT,2026-09-15,19:00,ET,Tue,TikTok,PURCHASE LAB,,T30,Vertical MP4 · motion (1080x1920),yes,Checkout can wait 60 seconds. Run the first check.,,video.mp4,content_backlog/tiktok/GG-260915-TT,"Checkout can wait 60 seconds. Run the first check.

Save it now. Save this before your next cart.

#budgetingtips #financialliteracy #moneytok #stoicmindset #mindsetshift"
GG-260915-PIN,2026-09-15,20:00,ET,Tue,Pinterest,PURCHASE LAB,Money & Personal Finance,T30,Carousel Pin · 3 cards (1000x1500),no,Checkout can wait 60 seconds. Run the first check.,How To Stop Impulse Buying,01_pin.png,content_backlog/pinterest/GG-260915-PIN,"How To Stop Impulse Buying: swipe through all 3 cards. Checkout can wait 60 seconds. Run the first check. If the answers are weak, leave the tab open. Save this pin and follow for systems that actually stick."
GG-260916-IG,2026-09-16,08:00,ET,Wed,Instagram (+Facebook link),RECOVERY PROTOCOL,,T31,Reel · vertical MP4 (1080x1920),yes,Track your energy for 5 days. The pattern is louder than motivation.,,video.mp4,content_backlog/instagram/GG-260916-IG,"Design the day around your real peaks.

Start the five-day energy log today.

Watch to the end, save it, then follow @gogettrdaily for a new system every day.

#health #wellness #selfcare #mindset #selfimprovement"
GG-260916-FB,2026-09-16,09:00,ET,Wed,Facebook,RECOVERY PROTOCOL,,T31,Single image (1080x1350),no,Track your energy for 5 days. The pattern is louder than motivation.,,01_card.png,content_backlog/facebook/GG-260916-FB,"Track your energy for 5 days. The pattern is louder than motivation.

Design the day around your real peaks.

→ Note energy every two hours.
→ Mark the true peak and the crash.
→ Guard the peak for your hardest work.
→ Protect the crash with recovery.
→ Stop scheduling against your own biology.

Which one would move your month the most? Tell me below. (Save the post so it is there when you need it.)

#health #selfimprovement"
GG-260916-X,2026-09-16,09:00,ET,Wed,X / Twitter,RECOVERY PROTOCOL,,T31,Text + image card (1600x900),no,Track your energy for 5 days. The pattern is louder than motivation.,,01_card.png,content_backlog/x/GG-260916-X,"Track your energy for 5 days. The pattern is louder than motivation.

1. Note energy every two hours.
2. Mark the true peak and the crash.
3. Guard the peak for your hardest work.
4. Protect the crash with recovery.
5. Stop scheduling against your own biology.

Start the five-day energy log today.

#health #selfimprovement"
GG-260916-LI,2026-09-16,08:00,ET,Wed,LinkedIn,RECOVERY PROTOCOL,,T31,Single image (1080x1080),no,Track your energy for 5 days. The pattern is louder than motivation.,,01_card.png,content_backlog/linkedin/GG-260916-LI,"The most capable people I know don't run on willpower. They design defaults.

Track your energy for 5 days. The pattern is louder than motivation.

• Note energy every two hours.
• Mark the true peak and the crash.
• Guard the peak for your hardest work.
• Protect the crash with recovery.
• Stop scheduling against your own biology.

Systems beat motivation because they only ask you to decide once.

#health #wellness #selfimprovement"
GG-260916-YT,2026-09-16,15:00,ET,Wed,YouTube Shorts,RECOVERY PROTOCOL,,T31,Shorts · vertical MP4 (1080x1920),yes,Track your energy for 5 days. The pattern is louder than motivation.,How To Manage Your Energy #shorts,video.mp4,content_backlog/youtube/GG-260916-YT,"How To Manage Your Energy

The pattern is louder than motivation.

1. Note energy every two hours.
2. Mark the true peak and the crash.
3. Guard the peak for your hardest work.
4. Protect the crash with recovery.
5. Stop scheduling against your own biology.

Follow @gogettrdaily for more.

#health #wellness #selfcare #selfimprovement #shorts"
GG-260916-TT,2026-09-16,19:00,ET,Wed,TikTok,RECOVERY PROTOCOL,,T31,Single image (1080x1920),no,Track your energy for 5 days. The pattern is louder than motivation.,,01_frame.png,content_backlog/tiktok/GG-260916-TT,"Track your energy for 5 days. The pattern is louder than motivation. Start the five-day energy log today.

Save it for the next time you need it.

#restday #wellnesstok #selfcareroutine #timeblocking #productivitytok"
GG-260916-PIN,2026-09-16,20:00,ET,Wed,Pinterest,RECOVERY PROTOCOL,Fitness & Healthy Habits,T31,Pin 1000x1500,no,Track your energy for 5 days. The pattern is louder than motivation.,How To Manage Your Energy,01_pin.png,content_backlog/pinterest/GG-260916-PIN,"How To Manage Your Energy. Track your energy for 5 days. The pattern is louder than motivation. Design the day around your real peaks. Save this pin for later, and follow @gogettrdaily for more."
GG-260917-IG,2026-09-17,08:00,ET,Thu,Instagram (+Facebook link),ESCAPE VELOCITY,,T32,Reel · vertical MP4 (1080x1920),yes,Which skill could move your income without changing your whole life?,,video.mp4,content_backlog/instagram/GG-260917-IG,"Map skill to income before you burn a year.

Name your one adjacent skill.

Watch to the end, save it, then follow @gogettrdaily for a new system every day.

#career #success #entrepreneur #motivation #selfimprovement"
GG-260917-FB,2026-09-17,09:00,ET,Thu,Facebook,ESCAPE VELOCITY,,T32,Single image (1080x1350),no,Which skill could move your income without changing your whole life?,,01_card.png,content_backlog/facebook/GG-260917-FB,"Which skill could move your income without changing your whole life?

Map skill to income before you burn a year.

→ Write your current skill stack.
→ Mark what employers already pay for.
→ Find the one adjacent skill that unlocks more.
→ Build proof, not just a plan.
→ Move the income lever you already have.

Which one would move your month the most? Tell me below. (Save the post so it is there when you need it.)

#career #selfimprovement"
GG-260917-X,2026-09-17,09:00,ET,Thu,X / Twitter,ESCAPE VELOCITY,,T32,Text + image card (1600x900),no,Which skill could move your income without changing your whole life?,,01_card.png,content_backlog/x/GG-260917-X,"Which skill could move your income without changing your whole life?

1. Write your current skill stack.
2. Mark what employers already pay for.
3. Find the one adjacent skill that unlocks more.
4. Build proof, not just a plan.
5. Move the income lever you already have.

Name your one adjacent skill.

#career #selfimprovement"
GG-260917-LI,2026-09-17,08:00,ET,Thu,LinkedIn,ESCAPE VELOCITY,,T32,Single image (1080x1080),no,Which skill could move your income without changing your whole life?,,01_card.png,content_backlog/linkedin/GG-260917-LI,"The most capable people I know don't run on willpower. They design defaults.

Which skill could move your income without changing your whole life?

• Write your current skill stack.
• Mark what employers already pay for.
• Find the one adjacent skill that unlocks more.
• Build proof, not just a plan.
• Move the income lever you already have.

Systems beat motivation because they only ask you to decide once.

#career #success #selfimprovement"
GG-260917-YT,2026-09-17,15:00,ET,Thu,YouTube Shorts,ESCAPE VELOCITY,,T32,Shorts · vertical MP4 (1080x1920),yes,Which skill could move your income without changing your whole life?,High Income Skills To Learn #shorts,video.mp4,content_backlog/youtube/GG-260917-YT,"High Income Skills To Learn

Move the income lever you already have.

1. Write your current skill stack.
2. Mark what employers already pay for.
3. Find the one adjacent skill that unlocks more.
4. Build proof, not just a plan.
5. Move the income lever you already have.

Follow @gogettrdaily for more.

#career #success #entrepreneur #selfimprovement #shorts"
GG-260917-TT,2026-09-17,19:00,ET,Thu,TikTok,ESCAPE VELOCITY,,T32,Vertical MP4 · motion (1080x1920),yes,Which skill could move your income without changing your whole life?,,video.mp4,content_backlog/tiktok/GG-260917-TT,"Which skill could move your income without changing your whole life?

Bookmark this. Name your one adjacent skill.

#careertok #careeradvice #worktok #personalfinancetips #budgetingtips"
GG-260917-PIN,2026-09-17,20:00,ET,Thu,Pinterest,ESCAPE VELOCITY,Money & Personal Finance,T32,Video Pin · vertical MP4 (1080x1920),yes,Which skill could move your income without changing your whole life?,High Income Skills To Learn,video.mp4,content_backlog/pinterest/GG-260917-PIN,High Income Skills To Learn — the quick breakdown. Which skill could move your income without changing your whole life? Map skill to income before you burn a year. Save this pin for the next time you need it.
GG-260918-IG,2026-09-18,08:00,ET,Fri,Instagram (+Facebook link),THE AUDIT,,T33,Carousel · 7 slides (1080x1350),no,"How together is your life, actually? Score it.",,01_cover.png,content_backlog/instagram/GG-260918-IG,"Lowest score gets the next 30 days.

→ Money / 10.
→ Work / 10.
→ Training / 10.
→ Recovery / 10.
→ Lowest score gets the next 30 days.

Swipe through, save it for later, and send it to someone who needs it. Follow @gogettrdaily for a new system every day.

#productivity #habits #discipline #selfimprovement #motivation"
GG-260918-FB,2026-09-18,09:00,ET,Fri,Facebook,THE AUDIT,,T33,Single image (1080x1350),no,"How together is your life, actually? Score it.",,01_card.png,content_backlog/facebook/GG-260918-FB,"How together is your life, actually? Score it.

Lowest score gets the next 30 days.

→ Money / 10.
→ Work / 10.
→ Training / 10.
→ Recovery / 10.
→ Lowest score gets the next 30 days.

Which one would move your month the most? Tell me below. (Save the post so it is there when you need it.)

#productivity #selfimprovement"
GG-260918-X,2026-09-18,09:00,ET,Fri,X / Twitter,THE AUDIT,,T33,Text + image card (1600x900),no,"How together is your life, actually? Score it.",,01_card.png,content_backlog/x/GG-260918-X,"How together is your life, actually? Score it.

1. Money / 10.
2. Work / 10.
3. Training / 10.
4. Recovery / 10.
5. Lowest score gets the next 30 days.

Post your lowest category below.

#productivity #selfimprovement"
GG-260918-LI,2026-09-18,08:00,ET,Fri,LinkedIn,THE AUDIT,,T33,Single image (1080x1080),no,"How together is your life, actually? Score it.",,01_card.png,content_backlog/linkedin/GG-260918-LI,"The most capable people I know don't run on willpower. They design defaults.

How together is your life, actually? Score it.

• Money / 10.
• Work / 10.
• Training / 10.
• Recovery / 10.
• Lowest score gets the next 30 days.

Systems beat motivation because they only ask you to decide once.

#productivity #habits #selfimprovement"
GG-260918-YT,2026-09-18,15:00,ET,Fri,YouTube Shorts,THE AUDIT,,T33,Shorts · vertical MP4 (1080x1920),yes,"How together is your life, actually? Score it.",Life Scorecard Self Assessment #shorts,video.mp4,content_backlog/youtube/GG-260918-YT,"Life Scorecard Self Assessment

Lowest score gets the next 30 days.

1. Money / 10.
2. Work / 10.
3. Training / 10.
4. Recovery / 10.
5. Lowest score gets the next 30 days.

Follow @gogettrdaily for more.

#productivity #habits #discipline #selfimprovement #shorts"
GG-260918-TT,2026-09-18,19:00,ET,Fri,TikTok,THE AUDIT,,T33,Photo carousel · 4 stills (1080x1920),no,"How together is your life, actually? Score it.",,01_frame.png,content_backlog/tiktok/GG-260918-TT,"How together is your life, actually? Score it.

Swipe. Post your lowest category below. Comment the step you'll run first.

#habitbuilding #productivitysystem #systemsthinking #growthmindset #stoicmindset"
GG-260918-PIN,2026-09-18,20:00,ET,Fri,Pinterest,THE AUDIT,Self Improvement & Discipline,T33,Pin 1000x1500,no,"How together is your life, actually? Score it.",Life Scorecard Self Assessment,01_pin.png,content_backlog/pinterest/GG-260918-PIN,"Life Scorecard Self Assessment. How together is your life, actually? Score it. Lowest score gets the next 30 days. Save this pin for later, and follow @gogettrdaily for more."
GG-260919-IG,2026-09-19,08:00,ET,Sat,Instagram (+Facebook link),SOCIAL CAPITAL,,T34,Reel · vertical MP4 (1080x1920),yes,Your reputation is compounding while you are not in the room.,,video.mp4,content_backlog/instagram/GG-260919-IG,"Reputation is the meeting you do not attend.

What do they say after you leave?

Watch to the end, save it, then follow @gogettrdaily for a new system every day.

#confidence #communication #success #relationships #selfimprovement"
GG-260919-FB,2026-09-19,09:00,ET,Sat,Facebook,SOCIAL CAPITAL,,T34,Single image (1080x1350),no,Your reputation is compounding while you are not in the room.,,01_card.png,content_backlog/facebook/GG-260919-FB,"Your reputation is compounding while you are not in the room.

Reputation is the meeting you do not attend.

→ On time or late.
→ Prepared or improvising.
→ Keeps word or needs reminders.
→ Useful or self-promotional.
→ Reputation is the meeting you do not attend.

Which one would move your month the most? Tell me below. (Save the post so it is there when you need it.)

#confidence #selfimprovement"
GG-260919-X,2026-09-19,09:00,ET,Sat,X / Twitter,SOCIAL CAPITAL,,T34,Text + image card (1600x900),no,Your reputation is compounding while you are not in the room.,,01_card.png,content_backlog/x/GG-260919-X,"Your reputation is compounding while you are not in the room.

1. On time or late.
2. Prepared or improvising.
3. Keeps word or needs reminders.
4. Useful or self-promotional.
5. Reputation is the meeting you do not attend.

What do they say after you leave?

#confidence #selfimprovement"
GG-260919-LI,2026-09-19,08:00,ET,Sat,LinkedIn,SOCIAL CAPITAL,,T34,Single image (1080x1080),no,Your reputation is compounding while you are not in the room.,,01_card.png,content_backlog/linkedin/GG-260919-LI,"The most capable people I know don't run on willpower. They design defaults.

Your reputation is compounding while you are not in the room.

• On time or late.
• Prepared or improvising.
• Keeps word or needs reminders.
• Useful or self-promotional.
• Reputation is the meeting you do not attend.

Systems beat motivation because they only ask you to decide once.

#confidence #communication #selfimprovement"
GG-260919-YT,2026-09-19,15:00,ET,Sat,YouTube Shorts,SOCIAL CAPITAL,,T34,Shorts · vertical MP4 (1080x1920),yes,Your reputation is compounding while you are not in the room.,How To Build A Good Reputation #shorts,video.mp4,content_backlog/youtube/GG-260919-YT,"How To Build A Good Reputation

Reputation is the meeting you do not attend.

1. On time or late.
2. Prepared or improvising.
3. Keeps word or needs reminders.
4. Useful or self-promotional.
5. Reputation is the meeting you do not attend.

Follow @gogettrdaily for more.

#confidence #communication #success #selfimprovement #shorts"
GG-260919-TT,2026-09-19,19:00,ET,Sat,TikTok,SOCIAL CAPITAL,,T34,Vertical MP4 · motion (1080x1920),yes,Your reputation is compounding while you are not in the room.,,video.mp4,content_backlog/tiktok/GG-260919-TT,"Your reputation is compounding while you are not in the room.

Save this, then run it. What do they say after you leave?

#communicationskills #charismatips #confidencetips #careergrowth #careertok"
GG-260919-PIN,2026-09-19,20:00,ET,Sat,Pinterest,SOCIAL CAPITAL,Career Growth & Success,T34,Carousel Pin · 3 cards (1000x1500),no,Your reputation is compounding while you are not in the room.,How To Build A Good Reputation,01_pin.png,content_backlog/pinterest/GG-260919-PIN,How To Build A Good Reputation: swipe through all 3 cards. Your reputation is compounding while you are not in the room. Reputation is the meeting you do not attend. Save this pin and follow for systems that actually stick.
GG-260920-IG,2026-09-20,08:00,ET,Sun,Instagram (+Facebook link),ENVIRONMENT ENGINEERING,,T35,Reel · vertical MP4 (1080x1920),yes,Do not redo the room. Fix the most annoying 10%.,,video.mp4,content_backlog/instagram/GG-260920-IG,"Choose the highest-friction corner and end it.

Which corner is your 10%?

Watch to the end, save it, then follow @gogettrdaily for a new system every day.

#minimalism #organization #productivity #declutter #selfimprovement"
GG-260920-FB,2026-09-20,09:00,ET,Sun,Facebook,ENVIRONMENT ENGINEERING,,T35,Single image (1080x1350),no,Do not redo the room. Fix the most annoying 10%.,,01_card.png,content_backlog/facebook/GG-260920-FB,"Do not redo the room. Fix the most annoying 10%.

Choose the highest-friction corner and end it.

→ Find the corner you avoid.
→ Name the one friction.
→ Fix only that.
→ Notice how the whole room lifts.
→ Repeat next week, one corner at a time.

Which one would move your month the most? Tell me below. (Save the post so it is there when you need it.)

#minimalism #selfimprovement"
GG-260920-X,2026-09-20,09:00,ET,Sun,X / Twitter,ENVIRONMENT ENGINEERING,,T35,Text + image card (1600x900),no,Do not redo the room. Fix the most annoying 10%.,,01_card.png,content_backlog/x/GG-260920-X,"Do not redo the room. Fix the most annoying 10%.

1. Find the corner you avoid.
2. Name the one friction.
3. Fix only that.
4. Notice how the whole room lifts.
5. Repeat next week, one corner at a time.

Which corner is your 10%?

#minimalism #selfimprovement"
GG-260920-LI,2026-09-20,08:00,ET,Sun,LinkedIn,ENVIRONMENT ENGINEERING,,T35,Single image (1080x1080),no,Do not redo the room. Fix the most annoying 10%.,,01_card.png,content_backlog/linkedin/GG-260920-LI,"The most capable people I know don't run on willpower. They design defaults.

Do not redo the room. Fix the most annoying 10%.

• Find the corner you avoid.
• Name the one friction.
• Fix only that.
• Notice how the whole room lifts.
• Repeat next week, one corner at a time.

Systems beat motivation because they only ask you to decide once.

#minimalism #organization #selfimprovement"
GG-260920-YT,2026-09-20,15:00,ET,Sun,YouTube Shorts,ENVIRONMENT ENGINEERING,,T35,Shorts · vertical MP4 (1080x1920),yes,Do not redo the room. Fix the most annoying 10%.,Small Home Upgrades That Matter #shorts,video.mp4,content_backlog/youtube/GG-260920-YT,"Small Home Upgrades That Matter

Fix the most annoying 10%.

1. Find the corner you avoid.
2. Name the one friction.
3. Fix only that.
4. Notice how the whole room lifts.
5. Repeat next week, one corner at a time.

Follow @gogettrdaily for more.

#minimalism #organization #productivity #selfimprovement #shorts"
GG-260920-TT,2026-09-20,19:00,ET,Sun,TikTok,ENVIRONMENT ENGINEERING,,T35,Single image (1080x1920),no,Do not redo the room. Fix the most annoying 10%.,,01_frame.png,content_backlog/tiktok/GG-260920-TT,"Do not redo the room. Fix the most annoying 10%. Which corner is your 10%?

Save it, and follow for the next one.

#slowliving #declutter #minimalisttok #atomichabits #habitbuilding"
GG-260920-PIN,2026-09-20,20:00,ET,Sun,Pinterest,ENVIRONMENT ENGINEERING,Home & Life Organization,T35,Pin 1000x1500,no,Do not redo the room. Fix the most annoying 10%.,Small Home Upgrades That Matter,01_pin.png,content_backlog/pinterest/GG-260920-PIN,"Small Home Upgrades That Matter. Do not redo the room. Fix the most annoying 10%. Choose the highest-friction corner and end it. Save this pin for later, and follow @gogettrdaily for more."
GG-260921-IG,2026-09-21,08:00,ET,Mon,Instagram (+Facebook link),CAREER SIGNALS,,T36,Carousel · 8 slides (1080x1350),no,What your future employer cares about more than your GPA.,,01_cover.png,content_backlog/instagram/GG-260921-IG,"Build evidence, not just credentials.

→ Can you explain clearly?
→ Can you solve without being chased?
→ Can people rely on your word?
→ Can you show finished work?
→ Build evidence, not just credentials.

Swipe through, save it for later, and send it to someone who needs it. Follow @gogettrdaily for a new system every day.

#career #success #entrepreneur #motivation #selfimprovement"
GG-260921-FB,2026-09-21,09:00,ET,Mon,Facebook,CAREER SIGNALS,,T36,Single image (1080x1350),no,What your future employer cares about more than your GPA.,,01_card.png,content_backlog/facebook/GG-260921-FB,"What your future employer cares about more than your GPA.

Build evidence, not just credentials.

→ Can you explain clearly?
→ Can you solve without being chased?
→ Can people rely on your word?
→ Can you show finished work?
→ Build evidence, not just credentials.

Which one would move your month the most? Tell me below. (Save the post so it is there when you need it.)

#career #selfimprovement"
GG-260921-X,2026-09-21,09:00,ET,Mon,X / Twitter,CAREER SIGNALS,,T36,Text + image card (1600x900),no,What your future employer cares about more than your GPA.,,01_card.png,content_backlog/x/GG-260921-X,"What your future employer cares about more than your GPA.

1. Can you explain clearly?
2. Can you solve without being chased?
3. Can people rely on your word?
4. Can you show finished work?
5. Build evidence, not just credentials.

Which proof are you missing?

#career #selfimprovement"
GG-260921-LI,2026-09-21,08:00,ET,Mon,LinkedIn,CAREER SIGNALS,,T36,Single image (1080x1080),no,What your future employer cares about more than your GPA.,,01_card.png,content_backlog/linkedin/GG-260921-LI,"The most capable people I know don't run on willpower. They design defaults.

What your future employer cares about more than your GPA.

• Can you explain clearly?
• Can you solve without being chased?
• Can people rely on your word?
• Can you show finished work?
• Build evidence, not just credentials.

Systems beat motivation because they only ask you to decide once.

#career #success #selfimprovement"
GG-260921-YT,2026-09-21,15:00,ET,Mon,YouTube Shorts,CAREER SIGNALS,,T36,Shorts · vertical MP4 (1080x1920),yes,What your future employer cares about more than your GPA.,What Employers Actually Want #shorts,video.mp4,content_backlog/youtube/GG-260921-YT,"What Employers Actually Want

Build evidence, not just credentials.

1. Can you explain clearly?
2. Can you solve without being chased?
3. Can people rely on your word?
4. Can you show finished work?
5. Build evidence, not just credentials.

Follow @gogettrdaily for more.

#career #success #entrepreneur #selfimprovement #shorts"
GG-260921-TT,2026-09-21,19:00,ET,Mon,TikTok,CAREER SIGNALS,,T36,Photo carousel · 4 stills (1080x1920),no,What your future employer cares about more than your GPA.,,01_frame.png,content_backlog/tiktok/GG-260921-TT,"What your future employer cares about more than your GPA.

Swipe through. Which proof are you missing? Drop your number below.

#careertok #careeradvice #worktok #mentalstrength #growthmindset"
GG-260921-PIN,2026-09-21,20:00,ET,Mon,Pinterest,CAREER SIGNALS,Career Growth & Success,T36,Video Pin · vertical MP4 (1080x1920),yes,What your future employer cares about more than your GPA.,What Employers Actually Want,video.mp4,content_backlog/pinterest/GG-260921-PIN,"What Employers Actually Want — the quick breakdown. What your future employer cares about more than your GPA. Build evidence, not just credentials. Save this pin for the next time you need it."
GG-260922-IG,2026-09-22,08:00,ET,Tue,Instagram (+Facebook link),PURCHASE LAB,,T37,Reel · vertical MP4 (1080x1920),yes,One question removes half your impulse buys.,,video.mp4,content_backlog/instagram/GG-260922-IG,"Strip the hype and ask again.

Try it on your open cart right now.

Watch to the end, save it, then follow @gogettrdaily for a new system every day.

#money #personalfinance #finance #wealth #selfimprovement"
GG-260922-FB,2026-09-22,09:00,ET,Tue,Facebook,PURCHASE LAB,,T37,Single image (1080x1350),no,One question removes half your impulse buys.,,01_card.png,content_backlog/facebook/GG-260922-FB,"One question removes half your impulse buys.

Strip the hype and ask again.

→ Remove the app that showed you.
→ Remove your friends seeing it.
→ Remove the logo.
→ Remove launch-day hype.
→ Still want it?

Which one would move your month the most? Tell me below. (Save the post so it is there when you need it.)

#money #selfimprovement"
GG-260922-X,2026-09-22,09:00,ET,Tue,X / Twitter,PURCHASE LAB,,T37,Text + image card (1600x900),no,One question removes half your impulse buys.,,01_card.png,content_backlog/x/GG-260922-X,"One question removes half your impulse buys.

1. Remove the app that showed you.
2. Remove your friends seeing it.
3. Remove the logo.
4. Remove launch-day hype.
5. Still want it?

Try it on your open cart right now.

#money #selfimprovement"
GG-260922-LI,2026-09-22,08:00,ET,Tue,LinkedIn,PURCHASE LAB,,T37,Single image (1080x1080),no,One question removes half your impulse buys.,,01_card.png,content_backlog/linkedin/GG-260922-LI,"The most capable people I know don't run on willpower. They design defaults.

One question removes half your impulse buys.

• Remove the app that showed you.
• Remove your friends seeing it.
• Remove the logo.
• Remove launch-day hype.
• Still want it?

Systems beat motivation because they only ask you to decide once.

#money #personalfinance #selfimprovement"
GG-260922-YT,2026-09-22,15:00,ET,Tue,YouTube Shorts,PURCHASE LAB,,T37,Shorts · vertical MP4 (1080x1920),yes,One question removes half your impulse buys.,Questions Before You Buy #shorts,video.mp4,content_backlog/youtube/GG-260922-YT,"Questions Before You Buy

Strip the hype and ask again.

1. Remove the app that showed you.
2. Remove your friends seeing it.
3. Remove the logo.
4. Remove launch-day hype.
5. Still want it?

Follow @gogettrdaily for more.

#money #personalfinance #finance #selfimprovement #shorts"
GG-260922-TT,2026-09-22,19:00,ET,Tue,TikTok,PURCHASE LAB,,T37,Vertical MP4 · motion (1080x1920),yes,One question removes half your impulse buys.,,video.mp4,content_backlog/tiktok/GG-260922-TT,"One question removes half your impulse buys.

Try it on your open cart right now. Send it to someone who needs it.

#personalfinancetips #budgetingtips #financialliteracy #growthmindset #stoicmindset"
GG-260922-PIN,2026-09-22,20:00,ET,Tue,Pinterest,PURCHASE LAB,Money & Personal Finance,T37,Pin 1000x1500,no,One question removes half your impulse buys.,Questions Before You Buy,01_pin.png,content_backlog/pinterest/GG-260922-PIN,"Questions Before You Buy. One question removes half your impulse buys. Strip the hype and ask again. Save this pin for later, and follow @gogettrdaily for more."
GG-260923-IG,2026-09-23,08:00,ET,Wed,Instagram (+Facebook link),RECOVERY PROTOCOL,,T38,Reel · vertical MP4 (1080x1920),yes,Save this for the next overwhelmed day. Do it in this order.,,video.mp4,content_backlog/instagram/GG-260923-IG,"Do not rebuild the system while you are inside the fire.

Save this before you need it.

Watch to the end, save it, then follow @gogettrdaily for a new system every day.

#health #wellness #selfcare #mindset #selfimprovement"
GG-260923-FB,2026-09-23,09:00,ET,Wed,Facebook,RECOVERY PROTOCOL,,T38,Single image (1080x1350),no,Save this for the next overwhelmed day. Do it in this order.,,01_card.png,content_backlog/facebook/GG-260923-FB,"Save this for the next overwhelmed day. Do it in this order.

Do not rebuild the system while you are inside the fire.

→ Write every open loop.
→ Circle what matters today.
→ Delete what has no consequence.
→ Start the task you avoid most.
→ Do not rebuild the system inside the fire.

Which one would move your month the most? Tell me below. (Save the post so it is there when you need it.)

#health #selfimprovement"
GG-260923-X,2026-09-23,09:00,ET,Wed,X / Twitter,RECOVERY PROTOCOL,,T38,Text + image card (1600x900),no,Save this for the next overwhelmed day. Do it in this order.,,01_card.png,content_backlog/x/GG-260923-X,"Save this for the next overwhelmed day. Do it in this order.

1. Write every open loop.
2. Circle what matters today.
3. Delete what has no consequence.
4. Start the task you avoid most.
5. Do not rebuild the system inside the fire.

Save this before you need it.

#health #selfimprovement"
GG-260923-LI,2026-09-23,08:00,ET,Wed,LinkedIn,RECOVERY PROTOCOL,,T38,Single image (1080x1080),no,Save this for the next overwhelmed day. Do it in this order.,,01_card.png,content_backlog/linkedin/GG-260923-LI,"The most capable people I know don't run on willpower. They design defaults.

Save this for the next overwhelmed day. Do it in this order.

• Write every open loop.
• Circle what matters today.
• Delete what has no consequence.
• Start the task you avoid most.
• Do not rebuild the system inside the fire.

Systems beat motivation because they only ask you to decide once.

#health #wellness #selfimprovement"
GG-260923-YT,2026-09-23,15:00,ET,Wed,YouTube Shorts,RECOVERY PROTOCOL,,T38,Shorts · vertical MP4 (1080x1920),yes,Save this for the next overwhelmed day. Do it in this order.,What To Do When Overwhelmed #shorts,video.mp4,content_backlog/youtube/GG-260923-YT,"What To Do When Overwhelmed

Do not rebuild the system while you are inside the fire.

1. Write every open loop.
2. Circle what matters today.
3. Delete what has no consequence.
4. Start the task you avoid most.
5. Do not rebuild the system inside the fire.

Follow @gogettrdaily for more.

#health #wellness #selfcare #selfimprovement #shorts"
GG-260923-TT,2026-09-23,19:00,ET,Wed,TikTok,RECOVERY PROTOCOL,,T38,Photo carousel · 4 stills (1080x1920),no,Save this for the next overwhelmed day. Do it in this order.,,01_frame.png,content_backlog/tiktok/GG-260923-TT,"Save this for the next overwhelmed day. Do it in this order.

Swipe to the end, then save the one you need.

#burnoutrecovery #restday #wellnesstok #stoicmindset #mindsetshift"
GG-260923-PIN,2026-09-23,20:00,ET,Wed,Pinterest,RECOVERY PROTOCOL,Fitness & Healthy Habits,T38,Carousel Pin · 3 cards (1000x1500),no,Save this for the next overwhelmed day. Do it in this order.,What To Do When Overwhelmed,01_pin.png,content_backlog/pinterest/GG-260923-PIN,What To Do When Overwhelmed: swipe through all 3 cards. Save this for the next overwhelmed day. Do it in this order. Do not rebuild the system while you are inside the fire. Save this pin and follow for systems that actually stick.
GG-260924-IG,2026-09-24,08:00,ET,Thu,Instagram (+Facebook link),BORING EDGE,,T39,Carousel · 7 slides (1080x1350),no,Things that become valuable fast after 25.,,01_cover.png,content_backlog/instagram/GG-260924-IG,"The boring things stop being boring.

→ Sleep.
→ Good credit.
→ Cooking.
→ Real friendships.
→ A body that still works without negotiation.

Swipe through, save it for later, and send it to someone who needs it. Follow @gogettrdaily for a new system every day.

#mindset #motivation #discipline #success #selfimprovement"
GG-260924-FB,2026-09-24,09:00,ET,Thu,Facebook,BORING EDGE,,T39,Single image (1080x1350),no,Things that become valuable fast after 25.,,01_card.png,content_backlog/facebook/GG-260924-FB,"Things that become valuable fast after 25.

The boring things stop being boring.

→ Sleep.
→ Good credit.
→ Cooking.
→ Real friendships.
→ A body that still works without negotiation.

Which one would move your month the most? Tell me below. (Save the post so it is there when you need it.)

#mindset #selfimprovement"
GG-260924-X,2026-09-24,09:00,ET,Thu,X / Twitter,BORING EDGE,,T39,Text + image card (1600x900),no,Things that become valuable fast after 25.,,01_card.png,content_backlog/x/GG-260924-X,"Things that become valuable fast after 25.

1. Sleep.
2. Good credit.
3. Cooking.
4. Real friendships.
5. A body that still works without negotiation.

Which one are you glad you started early?

#mindset #selfimprovement"
GG-260924-LI,2026-09-24,08:00,ET,Thu,LinkedIn,BORING EDGE,,T39,Single image (1080x1080),no,Things that become valuable fast after 25.,,01_card.png,content_backlog/linkedin/GG-260924-LI,"The most capable people I know don't run on willpower. They design defaults.

Things that become valuable fast after 25.

• Sleep.
• Good credit.
• Cooking.
• Real friendships.
• A body that still works without negotiation.

Systems beat motivation because they only ask you to decide once.

#mindset #motivation #selfimprovement"
GG-260924-YT,2026-09-24,15:00,ET,Thu,YouTube Shorts,BORING EDGE,,T39,Shorts · vertical MP4 (1080x1920),yes,Things that become valuable fast after 25.,Things That Matter More After 25 #shorts,video.mp4,content_backlog/youtube/GG-260924-YT,"Things That Matter More After 25

The boring things stop being boring after 25.

1. Sleep.
2. Good credit.
3. Cooking.
4. Real friendships.
5. A body that still works without negotiation.

Follow @gogettrdaily for more.

#mindset #motivation #discipline #selfimprovement #shorts"
GG-260924-TT,2026-09-24,19:00,ET,Thu,TikTok,BORING EDGE,,T39,Vertical MP4 · motion (1080x1920),yes,Things that become valuable fast after 25.,,video.mp4,content_backlog/tiktok/GG-260924-TT,"Things that become valuable fast after 25.

Which one are you glad you started early? Tell me the one you'll skip.

#stoicmindset #mindsetshift #mentalstrength #wellnesstok #selfcareroutine"
GG-260924-PIN,2026-09-24,20:00,ET,Thu,Pinterest,BORING EDGE,Fitness & Healthy Habits,T39,Pin 1000x1500,no,Things that become valuable fast after 25.,Things That Matter More After 25,01_pin.png,content_backlog/pinterest/GG-260924-PIN,"Things That Matter More After 25. Things that become valuable fast after 25. The boring things stop being boring. Save this pin for later, and follow @gogettrdaily for more."
GG-260925-IG,2026-09-25,08:00,ET,Fri,Instagram (+Facebook link),ENVIRONMENT ENGINEERING,,T40,Reel · vertical MP4 (1080x1920),yes,Keep 12 groceries that can always make something.,,video.mp4,content_backlog/instagram/GG-260925-IG,"Build your 12 once. Never stare at an empty fridge again.

What is on your default 12?

Watch to the end, save it, then follow @gogettrdaily for a new system every day.

#productivity #habits #discipline #selfimprovement #motivation"
GG-260925-FB,2026-09-25,09:00,ET,Fri,Facebook,ENVIRONMENT ENGINEERING,,T40,Single image (1080x1350),no,Keep 12 groceries that can always make something.,,01_card.png,content_backlog/facebook/GG-260925-FB,"Keep 12 groceries that can always make something.

Build your 12 once. Never stare at an empty fridge again.

→ Eggs and oats.
→ Rice and beans.
→ Frozen veg and fruit.
→ A protein you trust.
→ One sauce that saves any of it.

Which one would move your month the most? Tell me below. (Save the post so it is there when you need it.)

#productivity #selfimprovement"
GG-260925-X,2026-09-25,09:00,ET,Fri,X / Twitter,ENVIRONMENT ENGINEERING,,T40,Text + image card (1600x900),no,Keep 12 groceries that can always make something.,,01_card.png,content_backlog/x/GG-260925-X,"Keep 12 groceries that can always make something.

1. Eggs and oats.
2. Rice and beans.
3. Frozen veg and fruit.
4. A protein you trust.
5. One sauce that saves any of it.

What is on your default 12?

#productivity #selfimprovement"
GG-260925-LI,2026-09-25,08:00,ET,Fri,LinkedIn,ENVIRONMENT ENGINEERING,,T40,Single image (1080x1080),no,Keep 12 groceries that can always make something.,,01_card.png,content_backlog/linkedin/GG-260925-LI,"The most capable people I know don't run on willpower. They design defaults.

Keep 12 groceries that can always make something.

• Eggs and oats.
• Rice and beans.
• Frozen veg and fruit.
• A protein you trust.
• One sauce that saves any of it.

Systems beat motivation because they only ask you to decide once.

#productivity #habits #selfimprovement"
GG-260925-YT,2026-09-25,15:00,ET,Fri,YouTube Shorts,ENVIRONMENT ENGINEERING,,T40,Shorts · vertical MP4 (1080x1920),yes,Keep 12 groceries that can always make something.,Staple Grocery List For Adults #shorts,video.mp4,content_backlog/youtube/GG-260925-YT,"Staple Grocery List For Adults

Build your 12 once.

1. Eggs and oats.
2. Rice and beans.
3. Frozen veg and fruit.
4. A protein you trust.
5. One sauce that saves any of it.

Follow @gogettrdaily for more.

#productivity #habits #discipline #selfimprovement #shorts"
GG-260925-TT,2026-09-25,19:00,ET,Fri,TikTok,ENVIRONMENT ENGINEERING,,T40,Single image (1080x1920),no,Keep 12 groceries that can always make something.,,01_frame.png,content_backlog/tiktok/GG-260925-TT,"Keep 12 groceries that can always make something. What is on your default 12?

Save it, and follow for the next one.

#atomichabits #habitbuilding #productivitysystem #minimalisttok #organizationtips"
GG-260925-PIN,2026-09-25,20:00,ET,Fri,Pinterest,ENVIRONMENT ENGINEERING,Home & Life Organization,T40,Video Pin · vertical MP4 (1080x1920),yes,Keep 12 groceries that can always make something.,Staple Grocery List For Adults,video.mp4,content_backlog/pinterest/GG-260925-PIN,Staple Grocery List For Adults — the quick breakdown. Keep 12 groceries that can always make something. Build your 12 once. Never stare at an empty fridge again. Save this pin for the next time you need it.
GG-260926-IG,2026-09-26,08:00,ET,Sat,Instagram (+Facebook link),SYSTEM DESIGN,,T41,Reel · vertical MP4 (1080x1920),yes,Steal one operating habit from each kind of high performer.,,video.mp4,content_backlog/instagram/GG-260926-IG,"You do not need their life. Take their habit.

Which habit do you steal first?

Watch to the end, save it, then follow @gogettrdaily for a new system every day.

#mindset #motivation #discipline #success #selfimprovement"
GG-260926-FB,2026-09-26,09:00,ET,Sat,Facebook,SYSTEM DESIGN,,T41,Single image (1080x1350),no,Steal one operating habit from each kind of high performer.,,01_card.png,content_backlog/facebook/GG-260926-FB,"Steal one operating habit from each kind of high performer.

You do not need their life. Take their habit.

→ Athlete: repetition.
→ Salesperson: follow-up.
→ Investor: patience.
→ Founder: ownership.
→ Creator: shipping.

Which one would move your month the most? Tell me below. (Save the post so it is there when you need it.)

#mindset #selfimprovement"
GG-260926-X,2026-09-26,09:00,ET,Sat,X / Twitter,SYSTEM DESIGN,,T41,Text + image card (1600x900),no,Steal one operating habit from each kind of high performer.,,01_card.png,content_backlog/x/GG-260926-X,"Steal one operating habit from each kind of high performer.

1. Athlete: repetition.
2. Salesperson: follow-up.
3. Investor: patience.
4. Founder: ownership.
5. Creator: shipping.

Which habit do you steal first?

#mindset #selfimprovement"
GG-260926-LI,2026-09-26,08:00,ET,Sat,LinkedIn,SYSTEM DESIGN,,T41,Single image (1080x1080),no,Steal one operating habit from each kind of high performer.,,01_card.png,content_backlog/linkedin/GG-260926-LI,"The most capable people I know don't run on willpower. They design defaults.

Steal one operating habit from each kind of high performer.

• Athlete: repetition.
• Salesperson: follow-up.
• Investor: patience.
• Founder: ownership.
• Creator: shipping.

Systems beat motivation because they only ask you to decide once.

#mindset #motivation #selfimprovement"
GG-260926-YT,2026-09-26,15:00,ET,Sat,YouTube Shorts,SYSTEM DESIGN,,T41,Shorts · vertical MP4 (1080x1920),yes,Steal one operating habit from each kind of high performer.,Habits Of High Performers #shorts,video.mp4,content_backlog/youtube/GG-260926-YT,"Habits Of High Performers

You do not need their life. Take their habit.

1. Athlete: repetition.
2. Salesperson: follow-up.
3. Investor: patience.
4. Founder: ownership.
5. Creator: shipping.

Follow @gogettrdaily for more.

#mindset #motivation #discipline #selfimprovement #shorts"
GG-260926-TT,2026-09-26,19:00,ET,Sat,TikTok,SYSTEM DESIGN,,T41,Vertical MP4 · motion (1080x1920),yes,Steal one operating habit from each kind of high performer.,,video.mp4,content_backlog/tiktok/GG-260926-TT,"Steal one operating habit from each kind of high performer.

Which habit do you steal first? Comment where you're starting.

#mentalstrength #growthmindset #stoicmindset #productivitysystem #systemsthinking"
GG-260926-PIN,2026-09-26,20:00,ET,Sat,Pinterest,SYSTEM DESIGN,Self Improvement & Discipline,T41,Pin 1000x1500,no,Steal one operating habit from each kind of high performer.,Habits Of High Performers,01_pin.png,content_backlog/pinterest/GG-260926-PIN,"Habits Of High Performers. Steal one operating habit from each kind of high performer. You do not need their life. Take their habit. Save this pin for later, and follow @gogettrdaily for more."
GG-260927-IG,2026-09-27,08:00,ET,Sun,Instagram (+Facebook link),MINI CHALLENGES,,T42,Carousel · 8 slides (1080x1350),no,"Three days, no delivery apps. Notice what the convenience was solving.",,01_cover.png,content_backlog/instagram/GG-260927-IG,"Test the friction, not your morality.

→ Delete the apps for 72 hours.
→ Cook or walk to it.
→ Notice the real cost you were paying.
→ Keep the money you did not spend.
→ Decide what stays deleted.

Swipe through, save it for later, and send it to someone who needs it. Follow @gogettrdaily for a new system every day.

#discipline #motivation #selfimprovement #habits #success"
GG-260927-FB,2026-09-27,09:00,ET,Sun,Facebook,MINI CHALLENGES,,T42,Single image (1080x1350),no,"Three days, no delivery apps. Notice what the convenience was solving.",,01_card.png,content_backlog/facebook/GG-260927-FB,"Three days, no delivery apps. Notice what the convenience was solving.

Test the friction, not your morality.

→ Delete the apps for 72 hours.
→ Cook or walk to it.
→ Notice the real cost you were paying.
→ Keep the money you did not spend.
→ Decide what stays deleted.

Which one would move your month the most? Tell me below. (Save the post so it is there when you need it.)

#discipline #selfimprovement"
GG-260927-X,2026-09-27,09:00,ET,Sun,X / Twitter,MINI CHALLENGES,,T42,Text + image card (1600x900),no,"Three days, no delivery apps. Notice what the convenience was solving.",,01_card.png,content_backlog/x/GG-260927-X,"Three days, no delivery apps. Notice what the convenience was solving.

1. Delete the apps for 72 hours.
2. Cook or walk to it.
3. Notice the real cost you were paying.
4. Keep the money you did not spend.
5. Decide what stays deleted.

Start the 3-day test today.

#discipline #selfimprovement"
GG-260927-LI,2026-09-27,08:00,ET,Sun,LinkedIn,MINI CHALLENGES,,T42,Single image (1080x1080),no,"Three days, no delivery apps. Notice what the convenience was solving.",,01_card.png,content_backlog/linkedin/GG-260927-LI,"The most capable people I know don't run on willpower. They design defaults.

Three days, no delivery apps. Notice what the convenience was solving.

• Delete the apps for 72 hours.
• Cook or walk to it.
• Notice the real cost you were paying.
• Keep the money you did not spend.
• Decide what stays deleted.

Systems beat motivation because they only ask you to decide once.

#discipline #motivation #selfimprovement"
GG-260927-YT,2026-09-27,15:00,ET,Sun,YouTube Shorts,MINI CHALLENGES,,T42,Shorts · vertical MP4 (1080x1920),yes,"Three days, no delivery apps. Notice what the convenience was solving.",No Spend Challenge Ideas #shorts,video.mp4,content_backlog/youtube/GG-260927-YT,"No Spend Challenge Ideas

Test the friction, not your morality.

1. Delete the apps for 72 hours.
2. Cook or walk to it.
3. Notice the real cost you were paying.
4. Keep the money you did not spend.
5. Decide what stays deleted.

Follow @gogettrdaily for more.

#discipline #motivation #selfimprovement #success #shorts"
GG-260927-TT,2026-09-27,19:00,ET,Sun,TikTok,MINI CHALLENGES,,T42,Photo carousel · 4 stills (1080x1920),no,"Three days, no delivery apps. Notice what the convenience was solving.",,01_frame.png,content_backlog/tiktok/GG-260927-TT,"Three days, no delivery apps. Notice what the convenience was solving.

Swipe through. Start the 3-day test today. Drop your number below.

#habitchallenge #dailyhabits #30daychallenge #financialliteracy #moneytok"
GG-260927-PIN,2026-09-27,20:00,ET,Sun,Pinterest,MINI CHALLENGES,Money & Personal Finance,T42,Carousel Pin · 3 cards (1000x1500),no,"Three days, no delivery apps. Notice what the convenience was solving.",No Spend Challenge Ideas,01_pin.png,content_backlog/pinterest/GG-260927-PIN,"No Spend Challenge Ideas: swipe through all 3 cards. Three days, no delivery apps. Notice what the convenience was solving. Test the friction, not your morality. Save this pin and follow for systems that actually stick."
GG-260928-IG,2026-09-28,08:00,ET,Mon,Instagram (+Facebook link),THE AUDIT,,T43,Reel · vertical MP4 (1080x1920),yes,"You might be consuming self-improvement, not doing it.",,video.mp4,content_backlog/instagram/GG-260928-IG,"Count implementations, not inputs.

What is one input you will finally apply?

Watch to the end, save it, then follow @gogettrdaily for a new system every day.

#mindset #motivation #discipline #success #selfimprovement"
GG-260928-FB,2026-09-28,09:00,ET,Mon,Facebook,THE AUDIT,,T43,Single image (1080x1350),no,"You might be consuming self-improvement, not doing it.",,01_card.png,content_backlog/facebook/GG-260928-FB,"You might be consuming self-improvement, not doing it.

Count implementations, not inputs.

→ Saved posts.
→ Unfinished books.
→ Courses with no output.
→ Podcasts replacing practice.
→ Count implementations, not inputs.

Which one would move your month the most? Tell me below. (Save the post so it is there when you need it.)

#mindset #selfimprovement"
GG-260928-X,2026-09-28,09:00,ET,Mon,X / Twitter,THE AUDIT,,T43,Text + image card (1600x900),no,"You might be consuming self-improvement, not doing it.",,01_card.png,content_backlog/x/GG-260928-X,"You might be consuming self-improvement, not doing it.

1. Saved posts.
2. Unfinished books.
3. Courses with no output.
4. Podcasts replacing practice.
5. Count implementations, not inputs.

What is one input you will finally apply?

#mindset #selfimprovement"
GG-260928-LI,2026-09-28,08:00,ET,Mon,LinkedIn,THE AUDIT,,T43,Single image (1080x1080),no,"You might be consuming self-improvement, not doing it.",,01_card.png,content_backlog/linkedin/GG-260928-LI,"The most capable people I know don't run on willpower. They design defaults.

You might be consuming self-improvement, not doing it.

• Saved posts.
• Unfinished books.
• Courses with no output.
• Podcasts replacing practice.
• Count implementations, not inputs.

Systems beat motivation because they only ask you to decide once.

#mindset #motivation #selfimprovement"
GG-260928-YT,2026-09-28,15:00,ET,Mon,YouTube Shorts,THE AUDIT,,T43,Shorts · vertical MP4 (1080x1920),yes,"You might be consuming self-improvement, not doing it.",Stop Consuming Start Doing #shorts,video.mp4,content_backlog/youtube/GG-260928-YT,"Stop Consuming Start Doing

Count implementations, not inputs.

1. Saved posts.
2. Unfinished books.
3. Courses with no output.
4. Podcasts replacing practice.
5. Count implementations, not inputs.

Follow @gogettrdaily for more.

#mindset #motivation #discipline #selfimprovement #shorts"
GG-260928-TT,2026-09-28,19:00,ET,Mon,TikTok,THE AUDIT,,T43,Vertical MP4 · motion (1080x1920),yes,"You might be consuming self-improvement, not doing it.",,video.mp4,content_backlog/tiktok/GG-260928-TT,"You might be consuming self-improvement, not doing it.

What is one input you will finally apply? Which one is you? Drop the number.

#stoicmindset #mindsetshift #mentalstrength #atomichabits #habitbuilding"
GG-260928-PIN,2026-09-28,20:00,ET,Mon,Pinterest,THE AUDIT,Self Improvement & Discipline,T43,Pin 1000x1500,no,"You might be consuming self-improvement, not doing it.",Stop Consuming Start Doing,01_pin.png,content_backlog/pinterest/GG-260928-PIN,"Stop Consuming Start Doing. You might be consuming self-improvement, not doing it. Count implementations, not inputs. Save this pin for later, and follow @gogettrdaily for more."
GG-260929-IG,2026-09-29,08:00,ET,Tue,Instagram (+Facebook link),MONEY SYSTEMS,,T44,Reel · vertical MP4 (1080x1920),yes,Same goal. Three budgets. Very different moves.,,video.mp4,content_backlog/instagram/GG-260929-IG,"Do not spread it across ten weak upgrades.

Pick your tier and your one move.

Watch to the end, save it, then follow @gogettrdaily for a new system every day.

#money #personalfinance #finance #wealth #selfimprovement"
GG-260929-FB,2026-09-29,09:00,ET,Tue,Facebook,MONEY SYSTEMS,,T44,Single image (1080x1350),no,Same goal. Three budgets. Very different moves.,,01_card.png,content_backlog/facebook/GG-260929-FB,"Same goal. Three budgets. Very different moves.

Do not spread it across ten weak upgrades.

→ $20: remove one small friction.
→ $200: upgrade a repeated process.
→ $2,000: buy time, capability or runway.
→ Give each dollar one job.
→ One strong upgrade beats ten weak ones.

Which one would move your month the most? Tell me below. (Save the post so it is there when you need it.)

#money #selfimprovement"
GG-260929-X,2026-09-29,09:00,ET,Tue,X / Twitter,MONEY SYSTEMS,,T44,Text + image card (1600x900),no,Same goal. Three budgets. Very different moves.,,01_card.png,content_backlog/x/GG-260929-X,"Same goal. Three budgets. Very different moves.

1. $20: remove one small friction.
2. $200: upgrade a repeated process.
3. $2,000: buy time, capability or runway.
4. Give each dollar one job.
5. One strong upgrade beats ten weak ones.

Pick your tier and your one move.

#money #selfimprovement"
GG-260929-LI,2026-09-29,08:00,ET,Tue,LinkedIn,MONEY SYSTEMS,,T44,Single image (1080x1080),no,Same goal. Three budgets. Very different moves.,,01_card.png,content_backlog/linkedin/GG-260929-LI,"The most capable people I know don't run on willpower. They design defaults.

Same goal. Three budgets. Very different moves.

• $20: remove one small friction.
• $200: upgrade a repeated process.
• $2,000: buy time, capability or runway.
• Give each dollar one job.
• One strong upgrade beats ten weak ones.

Systems beat motivation because they only ask you to decide once.

#money #personalfinance #selfimprovement"
GG-260929-YT,2026-09-29,15:00,ET,Tue,YouTube Shorts,MONEY SYSTEMS,,T44,Shorts · vertical MP4 (1080x1920),yes,Same goal. Three budgets. Very different moves.,How To Prioritize Spending #shorts,video.mp4,content_backlog/youtube/GG-260929-YT,"How To Prioritize Spending

Give each dollar one job.

1. $20: remove one small friction.
2. $200: upgrade a repeated process.
3. $2,000: buy time, capability or runway.
4. Give each dollar one job.
5. One strong upgrade beats ten weak ones.

Follow @gogettrdaily for more.

#money #personalfinance #finance #selfimprovement #shorts"
GG-260929-TT,2026-09-29,19:00,ET,Tue,TikTok,MONEY SYSTEMS,,T44,Single image (1080x1920),no,Same goal. Three budgets. Very different moves.,,01_frame.png,content_backlog/tiktok/GG-260929-TT,"Same goal. Three budgets. Very different moves. Pick your tier and your one move.

Keep this on hand.

#moneytok #personalfinancetips #budgetingtips #habitbuilding #productivitysystem"
GG-260929-PIN,2026-09-29,20:00,ET,Tue,Pinterest,MONEY SYSTEMS,Money & Personal Finance,T44,Video Pin · vertical MP4 (1080x1920),yes,Same goal. Three budgets. Very different moves.,How To Prioritize Spending,video.mp4,content_backlog/pinterest/GG-260929-PIN,How To Prioritize Spending — the quick breakdown. Same goal. Three budgets. Very different moves. Do not spread it across ten weak upgrades. Save this pin for the next time you need it.
GG-260930-IG,2026-09-30,08:00,ET,Wed,Instagram (+Facebook link),ENVIRONMENT ENGINEERING,,T45,Carousel · 7 slides (1080x1350),no,Make one note with the info you would hate to search for under stress.,,01_cover.png,content_backlog/instagram/GG-260930-IG,"Create it before you need it.

→ Emergency contacts.
→ Insurance and policy numbers.
→ Medications and doses.
→ Roadside and account lines.
→ Create it before you need it.

Swipe through, save it for later, and send it to someone who needs it. Follow @gogettrdaily for a new system every day.

#productivity #habits #discipline #selfimprovement #motivation"
GG-260930-FB,2026-09-30,09:00,ET,Wed,Facebook,ENVIRONMENT ENGINEERING,,T45,Single image (1080x1350),no,Make one note with the info you would hate to search for under stress.,,01_card.png,content_backlog/facebook/GG-260930-FB,"Make one note with the info you would hate to search for under stress.

Create it before you need it.

→ Emergency contacts.
→ Insurance and policy numbers.
→ Medications and doses.
→ Roadside and account lines.
→ Create it before you need it.

Which one would move your month the most? Tell me below. (Save the post so it is there when you need it.)

#productivity #selfimprovement"
GG-260930-X,2026-09-30,09:00,ET,Wed,X / Twitter,ENVIRONMENT ENGINEERING,,T45,Text + image card (1600x900),no,Make one note with the info you would hate to search for under stress.,,01_card.png,content_backlog/x/GG-260930-X,"Make one note with the info you would hate to search for under stress.

1. Emergency contacts.
2. Insurance and policy numbers.
3. Medications and doses.
4. Roadside and account lines.
5. Create it before you need it.

Build the note tonight.

#productivity #selfimprovement"
GG-260930-LI,2026-09-30,08:00,ET,Wed,LinkedIn,ENVIRONMENT ENGINEERING,,T45,Single image (1080x1080),no,Make one note with the info you would hate to search for under stress.,,01_card.png,content_backlog/linkedin/GG-260930-LI,"The most capable people I know don't run on willpower. They design defaults.

Make one note with the info you would hate to search for under stress.

• Emergency contacts.
• Insurance and policy numbers.
• Medications and doses.
• Roadside and account lines.
• Create it before you need it.

Systems beat motivation because they only ask you to decide once.

#productivity #habits #selfimprovement"
GG-260930-YT,2026-09-30,15:00,ET,Wed,YouTube Shorts,ENVIRONMENT ENGINEERING,,T45,Shorts · vertical MP4 (1080x1920),yes,Make one note with the info you would hate to search for under stress.,Emergency Information Checklist #shorts,video.mp4,content_backlog/youtube/GG-260930-YT,"Emergency Information Checklist

Create it before you need it.

1. Emergency contacts.
2. Insurance and policy numbers.
3. Medications and doses.
4. Roadside and account lines.
5. Create it before you need it.

Follow @gogettrdaily for more.

#productivity #habits #discipline #selfimprovement #shorts"
GG-260930-TT,2026-09-30,19:00,ET,Wed,TikTok,ENVIRONMENT ENGINEERING,,T45,Photo carousel · 5 stills (1080x1920),no,Make one note with the info you would hate to search for under stress.,,01_frame.png,content_backlog/tiktok/GG-260930-TT,"Make one note with the info you would hate to search for under stress.

Swipe. Build the note tonight. Comment the step you'll run first.

#habitbuilding #productivitysystem #systemsthinking #organizationtips #slowliving"
GG-260930-PIN,2026-09-30,20:00,ET,Wed,Pinterest,ENVIRONMENT ENGINEERING,Home & Life Organization,T45,Pin 1000x1500,no,Make one note with the info you would hate to search for under stress.,Emergency Information Checklist,01_pin.png,content_backlog/pinterest/GG-260930-PIN,"Emergency Information Checklist. Make one note with the info you would hate to search for under stress. Create it before you need it. Save this pin for later, and follow @gogettrdaily for more."
GG-261001-IG,2026-10-01,08:00,ET,Thu,Instagram (+Facebook link),SOCIAL CAPITAL,,T46,Reel · vertical MP4 (1080x1920),yes,Who could you connect without asking for anything back?,,video.mp4,content_backlog/instagram/GG-261001-IG,"Be useful before you need usefulness.

Make one intro this week.

Watch to the end, save it, then follow @gogettrdaily for a new system every day.

#confidence #communication #success #relationships #selfimprovement"
GG-261001-FB,2026-10-01,09:00,ET,Thu,Facebook,SOCIAL CAPITAL,,T46,Single image (1080x1350),no,Who could you connect without asking for anything back?,,01_card.png,content_backlog/facebook/GG-261001-FB,"Who could you connect without asking for anything back?

Be useful before you need usefulness.

→ List 10 people and what they do.
→ Draw lines where a match exists.
→ Make one warm intro this week.
→ Ask both sides first.
→ Be useful before you need usefulness.

Which one would move your month the most? Tell me below. (Save the post so it is there when you need it.)

#confidence #selfimprovement"
GG-261001-X,2026-10-01,09:00,ET,Thu,X / Twitter,SOCIAL CAPITAL,,T46,Text + image card (1600x900),no,Who could you connect without asking for anything back?,,01_card.png,content_backlog/x/GG-261001-X,"Who could you connect without asking for anything back?

1. List 10 people and what they do.
2. Draw lines where a match exists.
3. Make one warm intro this week.
4. Ask both sides first.
5. Be useful before you need usefulness.

Make one intro this week.

#confidence #selfimprovement"
GG-261001-LI,2026-10-01,08:00,ET,Thu,LinkedIn,SOCIAL CAPITAL,,T46,Single image (1080x1080),no,Who could you connect without asking for anything back?,,01_card.png,content_backlog/linkedin/GG-261001-LI,"The most capable people I know don't run on willpower. They design defaults.

Who could you connect without asking for anything back?

• List 10 people and what they do.
• Draw lines where a match exists.
• Make one warm intro this week.
• Ask both sides first.
• Be useful before you need usefulness.

Systems beat motivation because they only ask you to decide once.

#confidence #communication #selfimprovement"
GG-261001-YT,2026-10-01,15:00,ET,Thu,YouTube Shorts,SOCIAL CAPITAL,,T46,Shorts · vertical MP4 (1080x1920),yes,Who could you connect without asking for anything back?,How To Network By Giving #shorts,video.mp4,content_backlog/youtube/GG-261001-YT,"How To Network By Giving

Be useful before you need usefulness.

1. List 10 people and what they do.
2. Draw lines where a match exists.
3. Make one warm intro this week.
4. Ask both sides first.
5. Be useful before you need usefulness.

Follow @gogettrdaily for more.

#confidence #communication #success #selfimprovement #shorts"
GG-261001-TT,2026-10-01,19:00,ET,Thu,TikTok,SOCIAL CAPITAL,,T46,Vertical MP4 · motion (1080x1920),yes,Who could you connect without asking for anything back?,,video.mp4,content_backlog/tiktok/GG-261001-TT,"Who could you connect without asking for anything back?

Save it now. Make one intro this week.

#communicationskills #charismatips #confidencetips #careergrowth #careertok"
GG-261001-PIN,2026-10-01,20:00,ET,Thu,Pinterest,SOCIAL CAPITAL,Career Growth & Success,T46,Carousel Pin · 3 cards (1000x1500),no,Who could you connect without asking for anything back?,How To Network By Giving,01_pin.png,content_backlog/pinterest/GG-261001-PIN,How To Network By Giving: swipe through all 3 cards. Who could you connect without asking for anything back? Be useful before you need usefulness. Save this pin and follow for systems that actually stick.
GG-261002-IG,2026-10-02,08:00,ET,Fri,Instagram (+Facebook link),ONE-WAY DOORS,,T47,Reel · vertical MP4 (1080x1920),yes,Two versions of you wake up tomorrow. Which one gets the better year?,,video.mp4,content_backlog/instagram/GG-261002-IG,"Small forks become different lives.

Which fork are you taking tomorrow?

Watch to the end, save it, then follow @gogettrdaily for a new system every day.

#mindset #motivation #discipline #success #selfimprovement"
GG-261002-FB,2026-10-02,09:00,ET,Fri,Facebook,ONE-WAY DOORS,,T47,Single image (1080x1350),no,Two versions of you wake up tomorrow. Which one gets the better year?,,01_card.png,content_backlog/facebook/GG-261002-FB,"Two versions of you wake up tomorrow. Which one gets the better year?

Small forks become different lives.

→ Scroll or train.
→ Impress or invest.
→ Consume or build.
→ Avoid or ask.
→ Small forks become different lives.

Which one would move your month the most? Tell me below. (Save the post so it is there when you need it.)

#mindset #selfimprovement"
GG-261002-X,2026-10-02,09:00,ET,Fri,X / Twitter,ONE-WAY DOORS,,T47,Text + image card (1600x900),no,Two versions of you wake up tomorrow. Which one gets the better year?,,01_card.png,content_backlog/x/GG-261002-X,"Two versions of you wake up tomorrow. Which one gets the better year?

1. Scroll or train.
2. Impress or invest.
3. Consume or build.
4. Avoid or ask.
5. Small forks become different lives.

Which fork are you taking tomorrow?

#mindset #selfimprovement"
GG-261002-LI,2026-10-02,08:00,ET,Fri,LinkedIn,ONE-WAY DOORS,,T47,Single image (1080x1080),no,Two versions of you wake up tomorrow. Which one gets the better year?,,01_card.png,content_backlog/linkedin/GG-261002-LI,"The most capable people I know don't run on willpower. They design defaults.

Two versions of you wake up tomorrow. Which one gets the better year?

• Scroll or train.
• Impress or invest.
• Consume or build.
• Avoid or ask.
• Small forks become different lives.

Systems beat motivation because they only ask you to decide once.

#mindset #motivation #selfimprovement"
GG-261002-YT,2026-10-02,15:00,ET,Fri,YouTube Shorts,ONE-WAY DOORS,,T47,Shorts · vertical MP4 (1080x1920),yes,Two versions of you wake up tomorrow. Which one gets the better year?,Small Decisions Big Impact #shorts,video.mp4,content_backlog/youtube/GG-261002-YT,"Small Decisions Big Impact

Small forks become different lives.

1. Scroll or train.
2. Impress or invest.
3. Consume or build.
4. Avoid or ask.
5. Small forks become different lives.

Follow @gogettrdaily for more.

#mindset #motivation #discipline #selfimprovement #shorts"
GG-261002-TT,2026-10-02,19:00,ET,Fri,TikTok,ONE-WAY DOORS,,T47,Photo carousel · 4 stills (1080x1920),no,Two versions of you wake up tomorrow. Which one gets the better year?,,01_frame.png,content_backlog/tiktok/GG-261002-TT,"Two versions of you wake up tomorrow. Which one gets the better year?

Swipe. Which one are you skipping? Be honest.

#stoicmindset #mindsetshift #mentalstrength #atomichabits #habitbuilding"
GG-261002-PIN,2026-10-02,20:00,ET,Fri,Pinterest,ONE-WAY DOORS,Self Improvement & Discipline,T47,Pin 1000x1500,no,Two versions of you wake up tomorrow. Which one gets the better year?,Small Decisions Big Impact,01_pin.png,content_backlog/pinterest/GG-261002-PIN,"Small Decisions Big Impact. Two versions of you wake up tomorrow. Which one gets the better year? Small forks become different lives. Save this pin for later, and follow @gogettrdaily for more."
GG-261003-IG,2026-10-03,08:00,ET,Sat,Instagram (+Facebook link),MINI CHALLENGES,,T48,Carousel · 8 slides (1080x1350),no,Arrive five minutes early for five days. Track how different the day feels.,,01_cover.png,content_backlog/instagram/GG-261003-IG,"Run the experiment. Let the result argue.

→ Five minutes early, five days.
→ Notice the calmer start.
→ Notice who reads it as respect.
→ Notice the decisions you make unrushed.
→ Keep what the data proves.

Swipe through, save it for later, and send it to someone who needs it. Follow @gogettrdaily for a new system every day.

#discipline #motivation #selfimprovement #habits #success"
GG-261003-FB,2026-10-03,09:00,ET,Sat,Facebook,MINI CHALLENGES,,T48,Single image (1080x1350),no,Arrive five minutes early for five days. Track how different the day feels.,,01_card.png,content_backlog/facebook/GG-261003-FB,"Arrive five minutes early for five days. Track how different the day feels.

Run the experiment. Let the result argue.

→ Five minutes early, five days.
→ Notice the calmer start.
→ Notice who reads it as respect.
→ Notice the decisions you make unrushed.
→ Keep what the data proves.

Which one would move your month the most? Tell me below. (Save the post so it is there when you need it.)

#discipline #selfimprovement"
GG-261003-X,2026-10-03,09:00,ET,Sat,X / Twitter,MINI CHALLENGES,,T48,Text + image card (1600x900),no,Arrive five minutes early for five days. Track how different the day feels.,,01_card.png,content_backlog/x/GG-261003-X,"Arrive five minutes early for five days. Track how different the day feels.

1. Five minutes early, five days.
2. Notice the calmer start.
3. Notice who reads it as respect.
4. Notice the decisions you make unrushed.
5. Keep what the data proves.

Start the 5-day test tomorrow.

#discipline #selfimprovement"
GG-261003-LI,2026-10-03,08:00,ET,Sat,LinkedIn,MINI CHALLENGES,,T48,Single image (1080x1080),no,Arrive five minutes early for five days. Track how different the day feels.,,01_card.png,content_backlog/linkedin/GG-261003-LI,"The most capable people I know don't run on willpower. They design defaults.

Arrive five minutes early for five days. Track how different the day feels.

• Five minutes early, five days.
• Notice the calmer start.
• Notice who reads it as respect.
• Notice the decisions you make unrushed.
• Keep what the data proves.

Systems beat motivation because they only ask you to decide once.

#discipline #motivation #selfimprovement"
GG-261003-YT,2026-10-03,15:00,ET,Sat,YouTube Shorts,MINI CHALLENGES,,T48,Shorts · vertical MP4 (1080x1920),yes,Arrive five minutes early for five days. Track how different the day feels.,Small Habits That Change Your Day #shorts,video.mp4,content_backlog/youtube/GG-261003-YT,"Small Habits That Change Your Day

Run the experiment. Let the result argue.

1. Five minutes early, five days.
2. Notice the calmer start.
3. Notice who reads it as respect.
4. Notice the decisions you make unrushed.
5. Keep what the data proves.

Follow @gogettrdaily for more.

#discipline #motivation #selfimprovement #success #shorts"
GG-261003-TT,2026-10-03,19:00,ET,Sat,TikTok,MINI CHALLENGES,,T48,Vertical MP4 · motion (1080x1920),yes,Arrive five minutes early for five days. Track how different the day feels.,,video.mp4,content_backlog/tiktok/GG-261003-TT,"Arrive five minutes early for five days. Track how different the day feels.

Bookmark this. Start the 5-day test tomorrow.

#30daychallenge #disciplinechallenge #habitchallenge #productivitytok #timemanagementtips"
GG-261003-PIN,2026-10-03,20:00,ET,Sat,Pinterest,MINI CHALLENGES,Productivity & Time Management,T48,Video Pin · vertical MP4 (1080x1920),yes,Arrive five minutes early for five days. Track how different the day feels.,Small Habits That Change Your Day,video.mp4,content_backlog/pinterest/GG-261003-PIN,Small Habits That Change Your Day — the quick breakdown. Arrive five minutes early for five days. Track how different the day feels. Run the experiment. Let the result argue. Save this pin for the next time you need it.
GG-261004-IG,2026-10-04,08:00,ET,Sun,Instagram (+Facebook link),SOCIAL CAPITAL,,T49,Reel · vertical MP4 (1080x1920),yes,Things that quietly make you look competent.,,video.mp4,content_backlog/instagram/GG-261004-IG,"People read competence before they read credentials.

Which one will you do today?

Watch to the end, save it, then follow @gogettrdaily for a new system every day.

#confidence #communication #success #relationships #selfimprovement"
GG-261004-FB,2026-10-04,09:00,ET,Sun,Facebook,SOCIAL CAPITAL,,T49,Single image (1080x1350),no,Things that quietly make you look competent.,,01_card.png,content_backlog/facebook/GG-261004-FB,"Things that quietly make you look competent.

People read competence before they read credentials.

→ Arrive early.
→ Take notes.
→ Remember names.
→ Answer the actual question.
→ Follow up when you said you would.

Which one would move your month the most? Tell me below. (Save the post so it is there when you need it.)

#confidence #selfimprovement"
GG-261004-X,2026-10-04,09:00,ET,Sun,X / Twitter,SOCIAL CAPITAL,,T49,Text + image card (1600x900),no,Things that quietly make you look competent.,,01_card.png,content_backlog/x/GG-261004-X,"Things that quietly make you look competent.

1. Arrive early.
2. Take notes.
3. Remember names.
4. Answer the actual question.
5. Follow up when you said you would.

Which one will you do today?

#confidence #selfimprovement"
GG-261004-LI,2026-10-04,08:00,ET,Sun,LinkedIn,SOCIAL CAPITAL,,T49,Single image (1080x1080),no,Things that quietly make you look competent.,,01_card.png,content_backlog/linkedin/GG-261004-LI,"The most capable people I know don't run on willpower. They design defaults.

Things that quietly make you look competent.

• Arrive early.
• Take notes.
• Remember names.
• Answer the actual question.
• Follow up when you said you would.

Systems beat motivation because they only ask you to decide once.

#confidence #communication #selfimprovement"
GG-261004-YT,2026-10-04,15:00,ET,Sun,YouTube Shorts,SOCIAL CAPITAL,,T49,Shorts · vertical MP4 (1080x1920),yes,Things that quietly make you look competent.,How To Appear More Competent #shorts,video.mp4,content_backlog/youtube/GG-261004-YT,"How To Appear More Competent

People read competence before they read credentials.

1. Arrive early.
2. Take notes.
3. Remember names.
4. Answer the actual question.
5. Follow up when you said you would.

Follow @gogettrdaily for more.

#confidence #communication #success #selfimprovement #shorts"
GG-261004-TT,2026-10-04,19:00,ET,Sun,TikTok,SOCIAL CAPITAL,,T49,Single image (1080x1920),no,Things that quietly make you look competent.,,01_frame.png,content_backlog/tiktok/GG-261004-TT,"Things that quietly make you look competent. Which one will you do today?

Keep this on hand.

#socialskills #communicationskills #charismatips #worktok #careergrowth"
GG-261004-PIN,2026-10-04,20:00,ET,Sun,Pinterest,SOCIAL CAPITAL,Career Growth & Success,T49,Pin 1000x1500,no,Things that quietly make you look competent.,How To Appear More Competent,01_pin.png,content_backlog/pinterest/GG-261004-PIN,"How To Appear More Competent. Things that quietly make you look competent. People read competence before they read credentials. Save this pin for later, and follow @gogettrdaily for more."
GG-261005-IG,2026-10-05,08:00,ET,Mon,Instagram (+Facebook link),ENVIRONMENT ENGINEERING,,T50,Reel · vertical MP4 (1080x1920),yes,Mail has two jobs: act or archive. Give both a place.,,video.mp4,content_backlog/instagram/GG-261005-IG,"Stop moving paper around the house.

Set up two trays today.

Watch to the end, save it, then follow @gogettrdaily for a new system every day.

#minimalism #organization #productivity #declutter #selfimprovement"
GG-261005-FB,2026-10-05,09:00,ET,Mon,Facebook,ENVIRONMENT ENGINEERING,,T50,Single image (1080x1350),no,Mail has two jobs: act or archive. Give both a place.,,01_card.png,content_backlog/facebook/GG-261005-FB,"Mail has two jobs: act or archive. Give both a place.

Stop moving paper around the house.

→ One tray to ACT.
→ One tray to FILE.
→ Nothing lands anywhere else.
→ Clear the ACT tray weekly.
→ Stop moving paper around the house.

Which one would move your month the most? Tell me below. (Save the post so it is there when you need it.)

#minimalism #selfimprovement"
GG-261005-X,2026-10-05,09:00,ET,Mon,X / Twitter,ENVIRONMENT ENGINEERING,,T50,Text + image card (1600x900),no,Mail has two jobs: act or archive. Give both a place.,,01_card.png,content_backlog/x/GG-261005-X,"Mail has two jobs: act or archive. Give both a place.

1. One tray to ACT.
2. One tray to FILE.
3. Nothing lands anywhere else.
4. Clear the ACT tray weekly.
5. Stop moving paper around the house.

Set up two trays today.

#minimalism #selfimprovement"
GG-261005-LI,2026-10-05,08:00,ET,Mon,LinkedIn,ENVIRONMENT ENGINEERING,,T50,Single image (1080x1080),no,Mail has two jobs: act or archive. Give both a place.,,01_card.png,content_backlog/linkedin/GG-261005-LI,"The most capable people I know don't run on willpower. They design defaults.

Mail has two jobs: act or archive. Give both a place.

• One tray to ACT.
• One tray to FILE.
• Nothing lands anywhere else.
• Clear the ACT tray weekly.
• Stop moving paper around the house.

Systems beat motivation because they only ask you to decide once.

#minimalism #organization #selfimprovement"
GG-261005-YT,2026-10-05,15:00,ET,Mon,YouTube Shorts,ENVIRONMENT ENGINEERING,,T50,Shorts · vertical MP4 (1080x1920),yes,Mail has two jobs: act or archive. Give both a place.,How To Organize Paperwork At Home #shorts,video.mp4,content_backlog/youtube/GG-261005-YT,"How To Organize Paperwork At Home

Stop moving paper around the house.

1. One tray to ACT.
2. One tray to FILE.
3. Nothing lands anywhere else.
4. Clear the ACT tray weekly.
5. Stop moving paper around the house.

Follow @gogettrdaily for more.

#minimalism #organization #productivity #selfimprovement #shorts"
GG-261005-TT,2026-10-05,19:00,ET,Mon,TikTok,ENVIRONMENT ENGINEERING,,T50,Vertical MP4 · motion (1080x1920),yes,Mail has two jobs: act or archive. Give both a place.,,video.mp4,content_backlog/tiktok/GG-261005-TT,"Mail has two jobs: act or archive. Give both a place.

Save this, then run it. Set up two trays today.

#organizationtips #slowliving #declutter #systemsthinking #atomichabits"
GG-261005-PIN,2026-10-05,20:00,ET,Mon,Pinterest,ENVIRONMENT ENGINEERING,Home & Life Organization,T50,Carousel Pin · 3 cards (1000x1500),no,Mail has two jobs: act or archive. Give both a place.,How To Organize Paperwork At Home,01_pin.png,content_backlog/pinterest/GG-261005-PIN,How To Organize Paperwork At Home: swipe through all 3 cards. Mail has two jobs: act or archive. Give both a place. Stop moving paper around the house. Save this pin and follow for systems that actually stick.
GG-261006-IG,2026-10-06,08:00,ET,Tue,Instagram (+Facebook link),MINI CHALLENGES,,T51,Carousel · 7 slides (1080x1350),no,"For seven meals, eat without a screen. Notice the pace.",,01_cover.png,content_backlog/instagram/GG-261006-IG,"Seven meals, not forever.

→ No phone at the table.
→ No show in the background.
→ Just the meal.
→ Notice how much less you need after.
→ Seven meals, not forever.

Swipe through, save it for later, and send it to someone who needs it. Follow @gogettrdaily for a new system every day.

#discipline #motivation #selfimprovement #habits #success"
GG-261006-FB,2026-10-06,09:00,ET,Tue,Facebook,MINI CHALLENGES,,T51,Single image (1080x1350),no,"For seven meals, eat without a screen. Notice the pace.",,01_card.png,content_backlog/facebook/GG-261006-FB,"For seven meals, eat without a screen. Notice the pace.

Seven meals, not forever.

→ No phone at the table.
→ No show in the background.
→ Just the meal.
→ Notice how much less you need after.
→ Seven meals, not forever.

Which one would move your month the most? Tell me below. (Save the post so it is there when you need it.)

#discipline #selfimprovement"
GG-261006-X,2026-10-06,09:00,ET,Tue,X / Twitter,MINI CHALLENGES,,T51,Text + image card (1600x900),no,"For seven meals, eat without a screen. Notice the pace.",,01_card.png,content_backlog/x/GG-261006-X,"For seven meals, eat without a screen. Notice the pace.

1. No phone at the table.
2. No show in the background.
3. Just the meal.
4. Notice how much less you need after.
5. Seven meals, not forever.

Start at your next meal.

#discipline #selfimprovement"
GG-261006-LI,2026-10-06,08:00,ET,Tue,LinkedIn,MINI CHALLENGES,,T51,Single image (1080x1080),no,"For seven meals, eat without a screen. Notice the pace.",,01_card.png,content_backlog/linkedin/GG-261006-LI,"The most capable people I know don't run on willpower. They design defaults.

For seven meals, eat without a screen. Notice the pace.

• No phone at the table.
• No show in the background.
• Just the meal.
• Notice how much less you need after.
• Seven meals, not forever.

Systems beat motivation because they only ask you to decide once.

#discipline #motivation #selfimprovement"
GG-261006-YT,2026-10-06,15:00,ET,Tue,YouTube Shorts,MINI CHALLENGES,,T51,Shorts · vertical MP4 (1080x1920),yes,"For seven meals, eat without a screen. Notice the pace.",Mindful Eating Challenge #shorts,video.mp4,content_backlog/youtube/GG-261006-YT,"Mindful Eating Challenge

Seven meals, not forever.

1. No phone at the table.
2. No show in the background.
3. Just the meal.
4. Notice how much less you need after.
5. Seven meals, not forever.

Follow @gogettrdaily for more.

#discipline #motivation #selfimprovement #success #shorts"
GG-261006-TT,2026-10-06,19:00,ET,Tue,TikTok,MINI CHALLENGES,,T51,Photo carousel · 4 stills (1080x1920),no,"For seven meals, eat without a screen. Notice the pace.",,01_frame.png,content_backlog/tiktok/GG-261006-TT,"For seven meals, eat without a screen. Notice the pace.

Swipe. Start at your next meal. Comment the step you'll run first.

#dailyhabits #30daychallenge #disciplinechallenge #wellnesstok #selfcareroutine"
GG-261006-PIN,2026-10-06,20:00,ET,Tue,Pinterest,MINI CHALLENGES,Fitness & Healthy Habits,T51,Pin 1000x1500,no,"For seven meals, eat without a screen. Notice the pace.",Mindful Eating Challenge,01_pin.png,content_backlog/pinterest/GG-261006-PIN,"Mindful Eating Challenge. For seven meals, eat without a screen. Notice the pace. Seven meals, not forever. Save this pin for later, and follow @gogettrdaily for more."
GG-261007-IG,2026-10-07,08:00,ET,Wed,Instagram (+Facebook link),BORING EDGE,,T52,Reel · vertical MP4 (1080x1920),yes,Consistency is not intensity. It is making the right move unsurprising.,,video.mp4,content_backlog/instagram/GG-261007-IG,"Boring on the outside, compounding underneath.

Which move will you make automatic?

Watch to the end, save it, then follow @gogettrdaily for a new system every day.

#mindset #motivation #discipline #success #selfimprovement"
GG-261007-FB,2026-10-07,09:00,ET,Wed,Facebook,BORING EDGE,,T52,Single image (1080x1350),no,Consistency is not intensity. It is making the right move unsurprising.,,01_card.png,content_backlog/facebook/GG-261007-FB,"Consistency is not intensity. It is making the right move unsurprising.

Boring on the outside, compounding underneath.

→ Same time.
→ Same trigger.
→ Same small dose.
→ No decision required.
→ Boring on the outside, compounding underneath.

Which one would move your month the most? Tell me below. (Save the post so it is there when you need it.)

#mindset #selfimprovement"
GG-261007-X,2026-10-07,09:00,ET,Wed,X / Twitter,BORING EDGE,,T52,Text + image card (1600x900),no,Consistency is not intensity. It is making the right move unsurprising.,,01_card.png,content_backlog/x/GG-261007-X,"Consistency is not intensity. It is making the right move unsurprising.

1. Same time.
2. Same trigger.
3. Same small dose.
4. No decision required.
5. Boring on the outside, compounding underneath.

Which move will you make automatic?

#mindset #selfimprovement"
GG-261007-LI,2026-10-07,08:00,ET,Wed,LinkedIn,BORING EDGE,,T52,Single image (1080x1080),no,Consistency is not intensity. It is making the right move unsurprising.,,01_card.png,content_backlog/linkedin/GG-261007-LI,"The most capable people I know don't run on willpower. They design defaults.

Consistency is not intensity. It is making the right move unsurprising.

• Same time.
• Same trigger.
• Same small dose.
• No decision required.
• Boring on the outside, compounding underneath.

Systems beat motivation because they only ask you to decide once.

#mindset #motivation #selfimprovement"
GG-261007-YT,2026-10-07,15:00,ET,Wed,YouTube Shorts,BORING EDGE,,T52,Shorts · vertical MP4 (1080x1920),yes,Consistency is not intensity. It is making the right move unsurprising.,How To Stay Consistent #shorts,video.mp4,content_backlog/youtube/GG-261007-YT,"How To Stay Consistent

Discipline is just a decision you already made.

1. Same time.
2. Same trigger.
3. Same small dose.
4. No decision required.
5. Boring on the outside, compounding underneath.

Follow @gogettrdaily for more.

#mindset #motivation #discipline #selfimprovement #shorts"
GG-261007-TT,2026-10-07,19:00,ET,Wed,TikTok,BORING EDGE,,T52,Vertical MP4 · motion (1080x1920),yes,Consistency is not intensity. It is making the right move unsurprising.,,video.mp4,content_backlog/tiktok/GG-261007-TT,"Consistency is not intensity. It is making the right move unsurprising.

Which move will you make automatic? Follow for the next system.

#mindsetshift #mentalstrength #growthmindset #habitbuilding #productivitysystem"
GG-261007-PIN,2026-10-07,20:00,ET,Wed,Pinterest,BORING EDGE,Self Improvement & Discipline,T52,Video Pin · vertical MP4 (1080x1920),yes,Consistency is not intensity. It is making the right move unsurprising.,How To Stay Consistent,video.mp4,content_backlog/pinterest/GG-261007-PIN,"How To Stay Consistent — the quick breakdown. Consistency is not intensity. It is making the right move unsurprising. Boring on the outside, compounding underneath. Save this pin for the next time you need it."
GG-261008-IG,2026-10-08,08:00,ET,Thu,Instagram (+Facebook link),ENVIRONMENT ENGINEERING,,T53,Reel · vertical MP4 (1080x1920),yes,Refill the same five things on the same day every week.,,video.mp4,content_backlog/instagram/GG-261008-IG,"Maintenance gets easier when it has a day.

Pick your refill day.

Watch to the end, save it, then follow @gogettrdaily for a new system every day.

#productivity #habits #discipline #selfimprovement #motivation"
GG-261008-FB,2026-10-08,09:00,ET,Thu,Facebook,ENVIRONMENT ENGINEERING,,T53,Single image (1080x1350),no,Refill the same five things on the same day every week.,,01_card.png,content_backlog/facebook/GG-261008-FB,"Refill the same five things on the same day every week.

Maintenance gets easier when it has a day.

→ Water and drinks.
→ Meds and vitamins.
→ Snacks and fuel.
→ Gas or charge.
→ The five essentials you always run out of.

Which one would move your month the most? Tell me below. (Save the post so it is there when you need it.)

#productivity #selfimprovement"
GG-261008-X,2026-10-08,09:00,ET,Thu,X / Twitter,ENVIRONMENT ENGINEERING,,T53,Text + image card (1600x900),no,Refill the same five things on the same day every week.,,01_card.png,content_backlog/x/GG-261008-X,"Refill the same five things on the same day every week.

1. Water and drinks.
2. Meds and vitamins.
3. Snacks and fuel.
4. Gas or charge.
5. The five essentials you always run out of.

Pick your refill day.

#productivity #selfimprovement"
GG-261008-LI,2026-10-08,08:00,ET,Thu,LinkedIn,ENVIRONMENT ENGINEERING,,T53,Single image (1080x1080),no,Refill the same five things on the same day every week.,,01_card.png,content_backlog/linkedin/GG-261008-LI,"The most capable people I know don't run on willpower. They design defaults.

Refill the same five things on the same day every week.

• Water and drinks.
• Meds and vitamins.
• Snacks and fuel.
• Gas or charge.
• The five essentials you always run out of.

Systems beat motivation because they only ask you to decide once.

#productivity #habits #selfimprovement"
GG-261008-YT,2026-10-08,15:00,ET,Thu,YouTube Shorts,ENVIRONMENT ENGINEERING,,T53,Shorts · vertical MP4 (1080x1920),yes,Refill the same five things on the same day every week.,Weekly Reset Checklist #shorts,video.mp4,content_backlog/youtube/GG-261008-YT,"Weekly Reset Checklist

Maintenance gets easier when it has a day.

1. Water and drinks.
2. Meds and vitamins.
3. Snacks and fuel.
4. Gas or charge.
5. The five essentials you always run out of.

Follow @gogettrdaily for more.

#productivity #habits #discipline #selfimprovement #shorts"
GG-261008-TT,2026-10-08,19:00,ET,Thu,TikTok,ENVIRONMENT ENGINEERING,,T53,Single image (1080x1920),no,Refill the same five things on the same day every week.,,01_frame.png,content_backlog/tiktok/GG-261008-TT,"Refill the same five things on the same day every week. Pick your refill day.

Save this where you'll see it tonight.

#habitbuilding #productivitysystem #systemsthinking #organizationtips #slowliving"
GG-261008-PIN,2026-10-08,20:00,ET,Thu,Pinterest,ENVIRONMENT ENGINEERING,Home & Life Organization,T53,Pin 1000x1500,no,Refill the same five things on the same day every week.,Weekly Reset Checklist,01_pin.png,content_backlog/pinterest/GG-261008-PIN,"Weekly Reset Checklist. Refill the same five things on the same day every week. Maintenance gets easier when it has a day. Save this pin for later, and follow @gogettrdaily for more."
GG-261009-IG,2026-10-09,08:00,ET,Fri,Instagram (+Facebook link),MINI CHALLENGES,,T54,Carousel · 8 slides (1080x1350),no,"For five nights, leave one sentence telling tomorrow where to start.",,01_cover.png,content_backlog/instagram/GG-261009-IG,"Make morning inherit clarity.

→ One sentence before bed.
→ The single first task.
→ No list, no essay.
→ Wake into a decision already made.
→ Make morning inherit clarity.

Swipe through, save it for later, and send it to someone who needs it. Follow @gogettrdaily for a new system every day.

#discipline #motivation #selfimprovement #habits #success"
GG-261009-FB,2026-10-09,09:00,ET,Fri,Facebook,MINI CHALLENGES,,T54,Single image (1080x1350),no,"For five nights, leave one sentence telling tomorrow where to start.",,01_card.png,content_backlog/facebook/GG-261009-FB,"For five nights, leave one sentence telling tomorrow where to start.

Make morning inherit clarity.

→ One sentence before bed.
→ The single first task.
→ No list, no essay.
→ Wake into a decision already made.
→ Make morning inherit clarity.

Which one would move your month the most? Tell me below. (Save the post so it is there when you need it.)

#discipline #selfimprovement"
GG-261009-X,2026-10-09,09:00,ET,Fri,X / Twitter,MINI CHALLENGES,,T54,Text + image card (1600x900),no,"For five nights, leave one sentence telling tomorrow where to start.",,01_card.png,content_backlog/x/GG-261009-X,"For five nights, leave one sentence telling tomorrow where to start.

1. One sentence before bed.
2. The single first task.
3. No list, no essay.
4. Wake into a decision already made.
5. Make morning inherit clarity.

Write tonight's sentence now.

#discipline #selfimprovement"
GG-261009-LI,2026-10-09,08:00,ET,Fri,LinkedIn,MINI CHALLENGES,,T54,Single image (1080x1080),no,"For five nights, leave one sentence telling tomorrow where to start.",,01_card.png,content_backlog/linkedin/GG-261009-LI,"The most capable people I know don't run on willpower. They design defaults.

For five nights, leave one sentence telling tomorrow where to start.

• One sentence before bed.
• The single first task.
• No list, no essay.
• Wake into a decision already made.
• Make morning inherit clarity.

Systems beat motivation because they only ask you to decide once.

#discipline #motivation #selfimprovement"
GG-261009-YT,2026-10-09,15:00,ET,Fri,YouTube Shorts,MINI CHALLENGES,,T54,Shorts · vertical MP4 (1080x1920),yes,"For five nights, leave one sentence telling tomorrow where to start.",Night Routine For A Productive Morning #shorts,video.mp4,content_backlog/youtube/GG-261009-YT,"Night Routine For A Productive Morning

Make morning inherit clarity.

1. One sentence before bed.
2. The single first task.
3. No list, no essay.
4. Wake into a decision already made.
5. Make morning inherit clarity.

Follow @gogettrdaily for more.

#discipline #motivation #selfimprovement #success #shorts"
GG-261009-TT,2026-10-09,19:00,ET,Fri,TikTok,MINI CHALLENGES,,T54,Photo carousel · 4 stills (1080x1920),no,"For five nights, leave one sentence telling tomorrow where to start.",,01_frame.png,content_backlog/tiktok/GG-261009-TT,"For five nights, leave one sentence telling tomorrow where to start.

Swipe through. Write tonight's sentence now. Drop your number below.

#habitchallenge #dailyhabits #30daychallenge #deepwork #timeblocking"
GG-261009-PIN,2026-10-09,20:00,ET,Fri,Pinterest,MINI CHALLENGES,Productivity & Time Management,T54,Carousel Pin · 3 cards (1000x1500),no,"For five nights, leave one sentence telling tomorrow where to start.",Night Routine For A Productive Morning,01_pin.png,content_backlog/pinterest/GG-261009-PIN,"Night Routine For A Productive Morning: swipe through all 3 cards. For five nights, leave one sentence telling tomorrow where to start. Make morning inherit clarity. Save this pin and follow for systems that actually stick."
GG-261010-IG,2026-10-10,08:00,ET,Sat,Instagram (+Facebook link),SOCIAL CAPITAL,,T55,Reel · vertical MP4 (1080x1920),yes,Most conversations die on the second question. Here is the fix.,,video.mp4,content_backlog/instagram/GG-261010-IG,"Trade the reflex question for a real one.

Try it in your next conversation.

Watch to the end, save it, then follow @gogettrdaily for a new system every day.

#confidence #communication #success #relationships #selfimprovement"
GG-261010-FB,2026-10-10,09:00,ET,Sat,Facebook,SOCIAL CAPITAL,,T55,Single image (1080x1350),no,Most conversations die on the second question. Here is the fix.,,01_card.png,content_backlog/facebook/GG-261010-FB,"Most conversations die on the second question. Here is the fix.

Trade the reflex question for a real one.

→ Skip 'so what do you do'.
→ Ask about the part they lit up on.
→ Follow the energy, not the script.
→ Let silence do some work.
→ Curiosity is the whole skill.

Which one would move your month the most? Tell me below. (Save the post so it is there when you need it.)

#confidence #selfimprovement"
GG-261010-X,2026-10-10,09:00,ET,Sat,X / Twitter,SOCIAL CAPITAL,,T55,Text + image card (1600x900),no,Most conversations die on the second question. Here is the fix.,,01_card.png,content_backlog/x/GG-261010-X,"Most conversations die on the second question. Here is the fix.

1. Skip 'so what do you do'.
2. Ask about the part they lit up on.
3. Follow the energy, not the script.
4. Let silence do some work.
5. Curiosity is the whole skill.

Try it in your next conversation.

#confidence #selfimprovement"
GG-261010-LI,2026-10-10,08:00,ET,Sat,LinkedIn,SOCIAL CAPITAL,,T55,Single image (1080x1080),no,Most conversations die on the second question. Here is the fix.,,01_card.png,content_backlog/linkedin/GG-261010-LI,"The most capable people I know don't run on willpower. They design defaults.

Most conversations die on the second question. Here is the fix.

• Skip 'so what do you do'.
• Ask about the part they lit up on.
• Follow the energy, not the script.
• Let silence do some work.
• Curiosity is the whole skill.

Systems beat motivation because they only ask you to decide once.

#confidence #communication #selfimprovement"
GG-261010-YT,2026-10-10,15:00,ET,Sat,YouTube Shorts,SOCIAL CAPITAL,,T55,Shorts · vertical MP4 (1080x1920),yes,Most conversations die on the second question. Here is the fix.,How To Have Better Conversations #shorts,video.mp4,content_backlog/youtube/GG-261010-YT,"How To Have Better Conversations

Curiosity is the whole skill.

1. Skip 'so what do you do'.
2. Ask about the part they lit up on.
3. Follow the energy, not the script.
4. Let silence do some work.
5. Curiosity is the whole skill.

Follow @gogettrdaily for more.

#confidence #communication #success #selfimprovement #shorts"
GG-261010-TT,2026-10-10,19:00,ET,Sat,TikTok,SOCIAL CAPITAL,,T55,Vertical MP4 · motion (1080x1920),yes,Most conversations die on the second question. Here is the fix.,,video.mp4,content_backlog/tiktok/GG-261010-TT,"Most conversations die on the second question. Here is the fix.

Try it in your next conversation. Tell me the one you'll skip.

#charismatips #confidencetips #socialskills #mindsetshift #mentalstrength"
GG-261010-PIN,2026-10-10,20:00,ET,Sat,Pinterest,SOCIAL CAPITAL,Confidence & Social Skills,T55,Pin 1000x1500,no,Most conversations die on the second question. Here is the fix.,How To Have Better Conversations,01_pin.png,content_backlog/pinterest/GG-261010-PIN,"How To Have Better Conversations. Most conversations die on the second question. Here is the fix. Trade the reflex question for a real one. Save this pin for later, and follow @gogettrdaily for more."
GG-261011-IG,2026-10-11,08:00,ET,Sun,Instagram (+Facebook link),SYSTEM DESIGN,,T56,Reel · vertical MP4 (1080x1920),yes,You do not rise to your goals. You fall to your systems.,,video.mp4,content_backlog/instagram/GG-261011-IG,"Eight weeks in one line: build the machine, skip the mood.

Save the whole series. Start the machine.

Watch to the end, save it, then follow @gogettrdaily for a new system every day.

#productivity #habits #discipline #selfimprovement #motivation"
GG-261011-FB,2026-10-11,09:00,ET,Sun,Facebook,SYSTEM DESIGN,,T56,Single image (1080x1350),no,You do not rise to your goals. You fall to your systems.,,01_card.png,content_backlog/facebook/GG-261011-FB,"You do not rise to your goals. You fall to your systems.

Eight weeks in one line: build the machine, skip the mood.

→ Fewer decisions.
→ Automatic money.
→ Scheduled recovery.
→ Proof of work.
→ Track it or it did not happen.

Which one would move your month the most? Tell me below. (Save the post so it is there when you need it.)

#productivity #selfimprovement"
GG-261011-X,2026-10-11,09:00,ET,Sun,X / Twitter,SYSTEM DESIGN,,T56,Text + image card (1600x900),no,You do not rise to your goals. You fall to your systems.,,01_card.png,content_backlog/x/GG-261011-X,"You do not rise to your goals. You fall to your systems.

1. Fewer decisions.
2. Automatic money.
3. Scheduled recovery.
4. Proof of work.
5. Track it or it did not happen.

Save the whole series. Start the machine.

#productivity #selfimprovement"
GG-261011-LI,2026-10-11,08:00,ET,Sun,LinkedIn,SYSTEM DESIGN,,T56,Single image (1080x1080),no,You do not rise to your goals. You fall to your systems.,,01_card.png,content_backlog/linkedin/GG-261011-LI,"The most capable people I know don't run on willpower. They design defaults.

You do not rise to your goals. You fall to your systems.

• Fewer decisions.
• Automatic money.
• Scheduled recovery.
• Proof of work.
• Track it or it did not happen.

Systems beat motivation because they only ask you to decide once.

#productivity #habits #selfimprovement"
GG-261011-YT,2026-10-11,15:00,ET,Sun,YouTube Shorts,SYSTEM DESIGN,,T56,Shorts · vertical MP4 (1080x1920),yes,You do not rise to your goals. You fall to your systems.,How To Build Life Systems That Last #shorts,video.mp4,content_backlog/youtube/GG-261011-YT,"How To Build Life Systems That Last

Build the machine. Skip the mood.

1. Fewer decisions.
2. Automatic money.
3. Scheduled recovery.
4. Proof of work.
5. Track it or it did not happen.

Follow @gogettrdaily for more.

#productivity #habits #discipline #selfimprovement #shorts"
GG-261011-TT,2026-10-11,19:00,ET,Sun,TikTok,SYSTEM DESIGN,,T56,Photo carousel · 5 stills (1080x1920),no,You do not rise to your goals. You fall to your systems.,,01_frame.png,content_backlog/tiktok/GG-261011-TT,"You do not rise to your goals. You fall to your systems.

Swipe to the end, then save the one you need.

#atomichabits #habitbuilding #productivitysystem #disciplineovermotivation #personalgrowthtips"
GG-261011-PIN,2026-10-11,20:00,ET,Sun,Pinterest,SYSTEM DESIGN,Self Improvement & Discipline,T56,Video Pin · vertical MP4 (1080x1920),yes,You do not rise to your goals. You fall to your systems.,How To Build Life Systems That Last,video.mp4,content_backlog/pinterest/GG-261011-PIN,"How To Build Life Systems That Last — the quick breakdown. You do not rise to your goals. You fall to your systems. Eight weeks in one line: build the machine, skip the mood. Save this pin for the next time you need it."
GG-261012-IG,2026-10-12,08:00,ET,Mon,Instagram (+Facebook link),MONEY SYSTEMS,,T57,Carousel · 7 slides (1080x1350),no,You save what is left after spending. Flip the order.,,01_cover.png,content_backlog/instagram/GG-261012-IG,"Pay yourself first, then live on what actually lands.

→ Automate the transfer for payday.
→ Move it before you can see it.
→ Live on the balance that remains.
→ Raise it one percent a quarter.
→ Pay yourself first, every time.

Swipe through, save it for later, and send it to someone who needs it. Follow @gogettrdaily for a new system every day.

#money #personalfinance #finance #wealth #selfimprovement"
GG-261012-FB,2026-10-12,09:00,ET,Mon,Facebook,MONEY SYSTEMS,,T57,Single image (1080x1350),no,You save what is left after spending. Flip the order.,,01_card.png,content_backlog/facebook/GG-261012-FB,"You save what is left after spending. Flip the order.

Pay yourself first, then live on what actually lands.

→ Automate the transfer for payday.
→ Move it before you can see it.
→ Live on the balance that remains.
→ Raise it one percent a quarter.
→ Pay yourself first, every time.

Which one would move your month the most? Tell me below. (Save the post so it is there when you need it.)

#money #selfimprovement"
GG-261012-X,2026-10-12,09:00,ET,Mon,X / Twitter,MONEY SYSTEMS,,T57,Text + image card (1600x900),no,You save what is left after spending. Flip the order.,,01_card.png,content_backlog/x/GG-261012-X,"You save what is left after spending. Flip the order.

1. Automate the transfer for payday.
2. Move it before you can see it.
3. Live on the balance that remains.
4. Raise it one percent a quarter.
5. Pay yourself first, every time.

Automate one payday transfer today.

#money #selfimprovement"
GG-261012-LI,2026-10-12,08:00,ET,Mon,LinkedIn,MONEY SYSTEMS,,T57,Single image (1080x1080),no,You save what is left after spending. Flip the order.,,01_card.png,content_backlog/linkedin/GG-261012-LI,"The most capable people I know don't run on willpower. They design defaults.

You save what is left after spending. Flip the order.

• Automate the transfer for payday.
• Move it before you can see it.
• Live on the balance that remains.
• Raise it one percent a quarter.
• Pay yourself first, every time.

Systems beat motivation because they only ask you to decide once.

#money #personalfinance #selfimprovement"
GG-261012-YT,2026-10-12,15:00,ET,Mon,YouTube Shorts,MONEY SYSTEMS,,T57,Shorts · vertical MP4 (1080x1920),yes,You save what is left after spending. Flip the order.,Pay Yourself First Method #shorts,video.mp4,content_backlog/youtube/GG-261012-YT,"Pay Yourself First Method

Pay yourself first, live on the rest.

1. Automate the transfer for payday.
2. Move it before you can see it.
3. Live on the balance that remains.
4. Raise it one percent a quarter.
5. Pay yourself first, every time.

Follow @gogettrdaily for more.

#money #personalfinance #finance #selfimprovement #shorts"
GG-261012-TT,2026-10-12,19:00,ET,Mon,TikTok,MONEY SYSTEMS,,T57,Vertical MP4 · motion (1080x1920),yes,You save what is left after spending. Flip the order.,,video.mp4,content_backlog/tiktok/GG-261012-TT,"You save what is left after spending. Flip the order.

Automate one payday transfer today. Comment where you're starting.

#personalfinancetips #budgetingtips #financialliteracy #productivitysystem #systemsthinking"
GG-261012-PIN,2026-10-12,20:00,ET,Mon,Pinterest,MONEY SYSTEMS,Money & Personal Finance,T57,Pin 1000x1500,no,You save what is left after spending. Flip the order.,Pay Yourself First Method,01_pin.png,content_backlog/pinterest/GG-261012-PIN,"Pay Yourself First Method. You save what is left after spending. Flip the order. Pay yourself first, then live on what actually lands. Save this pin for later, and follow @gogettrdaily for more."
GG-261013-IG,2026-10-13,08:00,ET,Tue,Instagram (+Facebook link),COMPOUNDING,,T58,Reel · vertical MP4 (1080x1920),yes,"One percent better is invisible daily, undeniable yearly.",,video.mp4,content_backlog/instagram/GG-261013-IG,"Tiny edges compound long after big pushes fade.

Name your one percent for this week.

Watch to the end, save it, then follow @gogettrdaily for a new system every day.

#mindset #motivation #discipline #success #selfimprovement"
GG-261013-FB,2026-10-13,09:00,ET,Tue,Facebook,COMPOUNDING,,T58,Single image (1080x1350),no,"One percent better is invisible daily, undeniable yearly.",,01_card.png,content_backlog/facebook/GG-261013-FB,"One percent better is invisible daily, undeniable yearly.

Tiny edges compound long after big pushes fade.

→ One percent is boring on a Tuesday.
→ One percent is a new person by December.
→ Miss once, but never miss twice.
→ Bank the streak, not the mood.
→ Compounding pays the consistent.

Which one would move your month the most? Tell me below. (Save the post so it is there when you need it.)

#mindset #selfimprovement"
GG-261013-X,2026-10-13,09:00,ET,Tue,X / Twitter,COMPOUNDING,,T58,Text + image card (1600x900),no,"One percent better is invisible daily, undeniable yearly.",,01_card.png,content_backlog/x/GG-261013-X,"One percent better is invisible daily, undeniable yearly.

1. One percent is boring on a Tuesday.
2. One percent is a new person by December.
3. Miss once, but never miss twice.
4. Bank the streak, not the mood.
5. Compounding pays the consistent.

Name your one percent for this week.

#mindset #selfimprovement"
GG-261013-LI,2026-10-13,08:00,ET,Tue,LinkedIn,COMPOUNDING,,T58,Single image (1080x1080),no,"One percent better is invisible daily, undeniable yearly.",,01_card.png,content_backlog/linkedin/GG-261013-LI,"The most capable people I know don't run on willpower. They design defaults.

One percent better is invisible daily, undeniable yearly.

• One percent is boring on a Tuesday.
• One percent is a new person by December.
• Miss once, but never miss twice.
• Bank the streak, not the mood.
• Compounding pays the consistent.

Systems beat motivation because they only ask you to decide once.

#mindset #motivation #selfimprovement"
GG-261013-YT,2026-10-13,15:00,ET,Tue,YouTube Shorts,COMPOUNDING,,T58,Shorts · vertical MP4 (1080x1920),yes,"One percent better is invisible daily, undeniable yearly.",One Percent Better Every Day #shorts,video.mp4,content_backlog/youtube/GG-261013-YT,"One Percent Better Every Day

Compounding pays the consistent.

1. One percent is boring on a Tuesday.
2. One percent is a new person by December.
3. Miss once, but never miss twice.
4. Bank the streak, not the mood.
5. Compounding pays the consistent.

Follow @gogettrdaily for more.

#mindset #motivation #discipline #selfimprovement #shorts"
GG-261013-TT,2026-10-13,19:00,ET,Tue,TikTok,COMPOUNDING,,T58,Single image (1080x1920),no,"One percent better is invisible daily, undeniable yearly.",,01_frame.png,content_backlog/tiktok/GG-261013-TT,"One percent better is invisible daily, undeniable yearly. Name your one percent for this week.

Save this where you'll see it tonight.

#growthmindset #stoicmindset #mindsetshift #systemsthinking #atomichabits"
GG-261013-PIN,2026-10-13,20:00,ET,Tue,Pinterest,COMPOUNDING,Self Improvement & Discipline,T58,Carousel Pin · 3 cards (1000x1500),no,"One percent better is invisible daily, undeniable yearly.",One Percent Better Every Day,01_pin.png,content_backlog/pinterest/GG-261013-PIN,"One Percent Better Every Day: swipe through all 3 cards. One percent better is invisible daily, undeniable yearly. Tiny edges compound long after big pushes fade. Save this pin and follow for systems that actually stick."
GG-261014-IG,2026-10-14,08:00,ET,Wed,Instagram (+Facebook link),COMPOUNDING,,T59,Reel · vertical MP4 (1080x1920),yes,"Five dollars a day feels like nothing. It is $1,825 a year.",,video.mp4,content_backlog/instagram/GG-261014-IG,"Small money moving one direction becomes a real decision.

Pick one five-dollar habit to redirect.

Watch to the end, save it, then follow @gogettrdaily for a new system every day.

#money #personalfinance #finance #wealth #selfimprovement"
GG-261014-FB,2026-10-14,09:00,ET,Wed,Facebook,COMPOUNDING,,T59,Single image (1080x1350),no,"Five dollars a day feels like nothing. It is $1,825 a year.",,01_card.png,content_backlog/facebook/GG-261014-FB,"Five dollars a day feels like nothing. It is $1,825 a year.

Small money moving one direction becomes a real decision.

→ Skip one daily autopilot buy.
→ Send the five to savings instead.
→ Do it a year without thinking.
→ Watch nothing become almost two grand.
→ Direction beats size.

Which one would move your month the most? Tell me below. (Save the post so it is there when you need it.)

#money #selfimprovement"
GG-261014-X,2026-10-14,09:00,ET,Wed,X / Twitter,COMPOUNDING,,T59,Text + image card (1600x900),no,"Five dollars a day feels like nothing. It is $1,825 a year.",,01_card.png,content_backlog/x/GG-261014-X,"Five dollars a day feels like nothing. It is $1,825 a year.

1. Skip one daily autopilot buy.
2. Send the five to savings instead.
3. Do it a year without thinking.
4. Watch nothing become almost two grand.
5. Direction beats size.

Pick one five-dollar habit to redirect.

#money #selfimprovement"
GG-261014-LI,2026-10-14,08:00,ET,Wed,LinkedIn,COMPOUNDING,,T59,Single image (1080x1080),no,"Five dollars a day feels like nothing. It is $1,825 a year.",,01_card.png,content_backlog/linkedin/GG-261014-LI,"The most capable people I know don't run on willpower. They design defaults.

Five dollars a day feels like nothing. It is $1,825 a year.

• Skip one daily autopilot buy.
• Send the five to savings instead.
• Do it a year without thinking.
• Watch nothing become almost two grand.
• Direction beats size.

Systems beat motivation because they only ask you to decide once.

#money #personalfinance #selfimprovement"
GG-261014-YT,2026-10-14,15:00,ET,Wed,YouTube Shorts,COMPOUNDING,,T59,Shorts · vertical MP4 (1080x1920),yes,"Five dollars a day feels like nothing. It is $1,825 a year.",Small Savings Add Up #shorts,video.mp4,content_backlog/youtube/GG-261014-YT,"Small Savings Add Up

Small money, one direction, real total.

1. Skip one daily autopilot buy.
2. Send the five to savings instead.
3. Do it a year without thinking.
4. Watch nothing become almost two grand.
5. Direction beats size.

Follow @gogettrdaily for more.

#money #personalfinance #finance #selfimprovement #shorts"
GG-261014-TT,2026-10-14,19:00,ET,Wed,TikTok,COMPOUNDING,,T59,Vertical MP4 · motion (1080x1920),yes,"Five dollars a day feels like nothing. It is $1,825 a year.",,video.mp4,content_backlog/tiktok/GG-261014-TT,"Five dollars a day feels like nothing. It is $1,825 a year.

Pick one five-dollar habit to redirect. Which one is you? Drop the number.

#financialliteracy #moneytok #personalfinancetips #mindsetshift #mentalstrength"
GG-261014-PIN,2026-10-14,20:00,ET,Wed,Pinterest,COMPOUNDING,Money & Personal Finance,T59,Pin 1000x1500,no,"Five dollars a day feels like nothing. It is $1,825 a year.",Small Savings Add Up,01_pin.png,content_backlog/pinterest/GG-261014-PIN,"Small Savings Add Up. Five dollars a day feels like nothing. It is $1,825 a year. Small money moving one direction becomes a real decision. Save this pin for later, and follow @gogettrdaily for more."
GG-261015-IG,2026-10-15,08:00,ET,Thu,Instagram (+Facebook link),MONEY SYSTEMS,,T60,Carousel · 8 slides (1080x1350),no,One account for bills. One for spending. Never mix them.,,01_cover.png,content_backlog/instagram/GG-261015-IG,"Separation makes overspending visibly impossible.

→ Bills and savings live in account one.
→ Spending money lives in account two.
→ Only account two has a card on you.
→ When it is empty, you are done.
→ Let the structure hold the discipline.

Swipe through, save it for later, and send it to someone who needs it. Follow @gogettrdaily for a new system every day.

#money #personalfinance #finance #wealth #selfimprovement"
GG-261015-FB,2026-10-15,09:00,ET,Thu,Facebook,MONEY SYSTEMS,,T60,Single image (1080x1350),no,One account for bills. One for spending. Never mix them.,,01_card.png,content_backlog/facebook/GG-261015-FB,"One account for bills. One for spending. Never mix them.

Separation makes overspending visibly impossible.

→ Bills and savings live in account one.
→ Spending money lives in account two.
→ Only account two has a card on you.
→ When it is empty, you are done.
→ Let the structure hold the discipline.

Which one would move your month the most? Tell me below. (Save the post so it is there when you need it.)

#money #selfimprovement"
GG-261015-X,2026-10-15,09:00,ET,Thu,X / Twitter,MONEY SYSTEMS,,T60,Text + image card (1600x900),no,One account for bills. One for spending. Never mix them.,,01_card.png,content_backlog/x/GG-261015-X,"One account for bills. One for spending. Never mix them.

1. Bills and savings live in account one.
2. Spending money lives in account two.
3. Only account two has a card on you.
4. When it is empty, you are done.
5. Let the structure hold the discipline.

Open the second account this week.

#money #selfimprovement"
GG-261015-LI,2026-10-15,08:00,ET,Thu,LinkedIn,MONEY SYSTEMS,,T60,Single image (1080x1080),no,One account for bills. One for spending. Never mix them.,,01_card.png,content_backlog/linkedin/GG-261015-LI,"The most capable people I know don't run on willpower. They design defaults.

One account for bills. One for spending. Never mix them.

• Bills and savings live in account one.
• Spending money lives in account two.
• Only account two has a card on you.
• When it is empty, you are done.
• Let the structure hold the discipline.

Systems beat motivation because they only ask you to decide once.

#money #personalfinance #selfimprovement"
GG-261015-YT,2026-10-15,15:00,ET,Thu,YouTube Shorts,MONEY SYSTEMS,,T60,Shorts · vertical MP4 (1080x1920),yes,One account for bills. One for spending. Never mix them.,Two Account Budget System #shorts,video.mp4,content_backlog/youtube/GG-261015-YT,"Two Account Budget System

Let the structure hold the discipline.

1. Bills and savings live in account one.
2. Spending money lives in account two.
3. Only account two has a card on you.
4. When it is empty, you are done.
5. Let the structure hold the discipline.

Follow @gogettrdaily for more.

#money #personalfinance #finance #selfimprovement #shorts"
GG-261015-TT,2026-10-15,19:00,ET,Thu,TikTok,MONEY SYSTEMS,,T60,Photo carousel · 4 stills (1080x1920),no,One account for bills. One for spending. Never mix them.,,01_frame.png,content_backlog/tiktok/GG-261015-TT,"One account for bills. One for spending. Never mix them.

Swipe through. Open the second account this week. Drop your number below.

#moneytok #personalfinancetips #budgetingtips #habitbuilding #productivitysystem"
GG-261015-PIN,2026-10-15,20:00,ET,Thu,Pinterest,MONEY SYSTEMS,Money & Personal Finance,T60,Video Pin · vertical MP4 (1080x1920),yes,One account for bills. One for spending. Never mix them.,Two Account Budget System,video.mp4,content_backlog/pinterest/GG-261015-PIN,Two Account Budget System — the quick breakdown. One account for bills. One for spending. Never mix them. Separation makes overspending visibly impossible. Save this pin for the next time you need it.
GG-261016-IG,2026-10-16,08:00,ET,Fri,Instagram (+Facebook link),MONEY SYSTEMS,,T61,Reel · vertical MP4 (1080x1920),yes,The bill was not a surprise. You just did not name it.,,video.mp4,content_backlog/instagram/GG-261016-IG,"Irregular costs are predictable if you give them a month.

Name one yearly cost and divide by 12.

Watch to the end, save it, then follow @gogettrdaily for a new system every day.

#money #personalfinance #finance #wealth #selfimprovement"
GG-261016-FB,2026-10-16,09:00,ET,Fri,Facebook,MONEY SYSTEMS,,T61,Single image (1080x1350),no,The bill was not a surprise. You just did not name it.,,01_card.png,content_backlog/facebook/GG-261016-FB,"The bill was not a surprise. You just did not name it.

Irregular costs are predictable if you give them a month.

→ List the once-a-year costs.
→ Divide each by twelve.
→ Set aside that slice monthly.
→ Let the fund fill before the bill.
→ A named cost stops ambushing you.

Which one would move your month the most? Tell me below. (Save the post so it is there when you need it.)

#money #selfimprovement"
GG-261016-X,2026-10-16,09:00,ET,Fri,X / Twitter,MONEY SYSTEMS,,T61,Text + image card (1600x900),no,The bill was not a surprise. You just did not name it.,,01_card.png,content_backlog/x/GG-261016-X,"The bill was not a surprise. You just did not name it.

1. List the once-a-year costs.
2. Divide each by twelve.
3. Set aside that slice monthly.
4. Let the fund fill before the bill.
5. A named cost stops ambushing you.

Name one yearly cost and divide by 12.

#money #selfimprovement"
GG-261016-LI,2026-10-16,08:00,ET,Fri,LinkedIn,MONEY SYSTEMS,,T61,Single image (1080x1080),no,The bill was not a surprise. You just did not name it.,,01_card.png,content_backlog/linkedin/GG-261016-LI,"The most capable people I know don't run on willpower. They design defaults.

The bill was not a surprise. You just did not name it.

• List the once-a-year costs.
• Divide each by twelve.
• Set aside that slice monthly.
• Let the fund fill before the bill.
• A named cost stops ambushing you.

Systems beat motivation because they only ask you to decide once.

#money #personalfinance #selfimprovement"
GG-261016-YT,2026-10-16,15:00,ET,Fri,YouTube Shorts,MONEY SYSTEMS,,T61,Shorts · vertical MP4 (1080x1920),yes,The bill was not a surprise. You just did not name it.,Sinking Funds Explained #shorts,video.mp4,content_backlog/youtube/GG-261016-YT,"Sinking Funds Explained

A named cost stops being an emergency.

1. List the once-a-year costs.
2. Divide each by twelve.
3. Set aside that slice monthly.
4. Let the fund fill before the bill.
5. A named cost stops ambushing you.

Follow @gogettrdaily for more.

#money #personalfinance #finance #selfimprovement #shorts"
GG-261016-TT,2026-10-16,19:00,ET,Fri,TikTok,MONEY SYSTEMS,,T61,Vertical MP4 · motion (1080x1920),yes,The bill was not a surprise. You just did not name it.,,video.mp4,content_backlog/tiktok/GG-261016-TT,"The bill was not a surprise. You just did not name it.

Name one yearly cost and divide by 12. Send it to someone who needs it.

#personalfinancetips #budgetingtips #financialliteracy #productivitysystem #systemsthinking"
GG-261016-PIN,2026-10-16,20:00,ET,Fri,Pinterest,MONEY SYSTEMS,Money & Personal Finance,T61,Pin 1000x1500,no,The bill was not a surprise. You just did not name it.,Sinking Funds Explained,01_pin.png,content_backlog/pinterest/GG-261016-PIN,"Sinking Funds Explained. The bill was not a surprise. You just did not name it. Irregular costs are predictable if you give them a month. Save this pin for later, and follow @gogettrdaily for more."
GG-261017-IG,2026-10-17,08:00,ET,Sat,Instagram (+Facebook link),CAREER SIGNALS,,T62,Reel · vertical MP4 (1080x1920),yes,You got a raise. Your lifestyle took the whole thing.,,video.mp4,content_backlog/instagram/GG-261017-IG,"Lifestyle creep eats every increase you never assign.

Pre-assign half of your next raise.

Watch to the end, save it, then follow @gogettrdaily for a new system every day.

#money #personalfinance #finance #wealth #selfimprovement"
GG-261017-FB,2026-10-17,09:00,ET,Sat,Facebook,CAREER SIGNALS,,T62,Single image (1080x1350),no,You got a raise. Your lifestyle took the whole thing.,,01_card.png,content_backlog/facebook/GG-261017-FB,"You got a raise. Your lifestyle took the whole thing.

Lifestyle creep eats every increase you never assign.

→ Bank half of every raise on day one.
→ Let the other half feel like a win.
→ Keep your fixed costs where they were.
→ Turn income into runway, not rent.
→ Give the raise a job before it lands.

Which one would move your month the most? Tell me below. (Save the post so it is there when you need it.)

#money #selfimprovement"
GG-261017-X,2026-10-17,09:00,ET,Sat,X / Twitter,CAREER SIGNALS,,T62,Text + image card (1600x900),no,You got a raise. Your lifestyle took the whole thing.,,01_card.png,content_backlog/x/GG-261017-X,"You got a raise. Your lifestyle took the whole thing.

1. Bank half of every raise on day one.
2. Let the other half feel like a win.
3. Keep your fixed costs where they were.
4. Turn income into runway, not rent.
5. Give the raise a job before it lands.

Pre-assign half of your next raise.

#money #selfimprovement"
GG-261017-LI,2026-10-17,08:00,ET,Sat,LinkedIn,CAREER SIGNALS,,T62,Single image (1080x1080),no,You got a raise. Your lifestyle took the whole thing.,,01_card.png,content_backlog/linkedin/GG-261017-LI,"The most capable people I know don't run on willpower. They design defaults.

You got a raise. Your lifestyle took the whole thing.

• Bank half of every raise on day one.
• Let the other half feel like a win.
• Keep your fixed costs where they were.
• Turn income into runway, not rent.
• Give the raise a job before it lands.

Systems beat motivation because they only ask you to decide once.

#money #personalfinance #selfimprovement"
GG-261017-YT,2026-10-17,15:00,ET,Sat,YouTube Shorts,CAREER SIGNALS,,T62,Shorts · vertical MP4 (1080x1920),yes,You got a raise. Your lifestyle took the whole thing.,Avoid Lifestyle Creep #shorts,video.mp4,content_backlog/youtube/GG-261017-YT,"Avoid Lifestyle Creep

A raise you do not assign disappears.

1. Bank half of every raise on day one.
2. Let the other half feel like a win.
3. Keep your fixed costs where they were.
4. Turn income into runway, not rent.
5. Give the raise a job before it lands.

Follow @gogettrdaily for more.

#money #personalfinance #finance #selfimprovement #shorts"
GG-261017-TT,2026-10-17,19:00,ET,Sat,TikTok,CAREER SIGNALS,,T62,Single image (1080x1920),no,You got a raise. Your lifestyle took the whole thing.,,01_frame.png,content_backlog/tiktok/GG-261017-TT,"You got a raise. Your lifestyle took the whole thing. Pre-assign half of your next raise.

Screenshot this one.

#budgetingtips #financialliteracy #moneytok #careergrowth #careertok"
GG-261017-PIN,2026-10-17,20:00,ET,Sat,Pinterest,CAREER SIGNALS,Money & Personal Finance,T62,Carousel Pin · 3 cards (1000x1500),no,You got a raise. Your lifestyle took the whole thing.,Avoid Lifestyle Creep,01_pin.png,content_backlog/pinterest/GG-261017-PIN,Avoid Lifestyle Creep: swipe through all 3 cards. You got a raise. Your lifestyle took the whole thing. Lifestyle creep eats every increase you never assign. Save this pin and follow for systems that actually stick.
GG-261018-IG,2026-10-18,08:00,ET,Sun,Instagram (+Facebook link),MONEY SYSTEMS,,T63,Carousel · 7 slides (1080x1350),no,Twenty minutes a week with your money changes the year.,,01_cover.png,content_backlog/instagram/GG-261018-IG,"What you avoid looking at is what quietly runs you.

→ Same day, same twenty minutes.
→ Read every account and card.
→ Move one thing the right direction.
→ Cancel or negotiate one line.
→ What you watch, you control.

Swipe through, save it for later, and send it to someone who needs it. Follow @gogettrdaily for a new system every day.

#money #personalfinance #finance #wealth #selfimprovement"
GG-261018-FB,2026-10-18,09:00,ET,Sun,Facebook,MONEY SYSTEMS,,T63,Single image (1080x1350),no,Twenty minutes a week with your money changes the year.,,01_card.png,content_backlog/facebook/GG-261018-FB,"Twenty minutes a week with your money changes the year.

What you avoid looking at is what quietly runs you.

→ Same day, same twenty minutes.
→ Read every account and card.
→ Move one thing the right direction.
→ Cancel or negotiate one line.
→ What you watch, you control.

Which one would move your month the most? Tell me below. (Save the post so it is there when you need it.)

#money #selfimprovement"
GG-261018-X,2026-10-18,09:00,ET,Sun,X / Twitter,MONEY SYSTEMS,,T63,Text + image card (1600x900),no,Twenty minutes a week with your money changes the year.,,01_card.png,content_backlog/x/GG-261018-X,"Twenty minutes a week with your money changes the year.

1. Same day, same twenty minutes.
2. Read every account and card.
3. Move one thing the right direction.
4. Cancel or negotiate one line.
5. What you watch, you control.

Book your first money date this week.

#money #selfimprovement"
GG-261018-LI,2026-10-18,08:00,ET,Sun,LinkedIn,MONEY SYSTEMS,,T63,Single image (1080x1080),no,Twenty minutes a week with your money changes the year.,,01_card.png,content_backlog/linkedin/GG-261018-LI,"The most capable people I know don't run on willpower. They design defaults.

Twenty minutes a week with your money changes the year.

• Same day, same twenty minutes.
• Read every account and card.
• Move one thing the right direction.
• Cancel or negotiate one line.
• What you watch, you control.

Systems beat motivation because they only ask you to decide once.

#money #personalfinance #selfimprovement"
GG-261018-YT,2026-10-18,15:00,ET,Sun,YouTube Shorts,MONEY SYSTEMS,,T63,Shorts · vertical MP4 (1080x1920),yes,Twenty minutes a week with your money changes the year.,Weekly Money Review Routine #shorts,video.mp4,content_backlog/youtube/GG-261018-YT,"Weekly Money Review Routine

What you watch, you control.

1. Same day, same twenty minutes.
2. Read every account and card.
3. Move one thing the right direction.
4. Cancel or negotiate one line.
5. What you watch, you control.

Follow @gogettrdaily for more.

#money #personalfinance #finance #selfimprovement #shorts"
GG-261018-TT,2026-10-18,19:00,ET,Sun,TikTok,MONEY SYSTEMS,,T63,Photo carousel · 4 stills (1080x1920),no,Twenty minutes a week with your money changes the year.,,01_frame.png,content_backlog/tiktok/GG-261018-TT,"Twenty minutes a week with your money changes the year.

Swipe. Book your first money date this week. Comment the step you'll run first.

#financialliteracy #moneytok #personalfinancetips #timeblocking #productivitytok"
GG-261018-PIN,2026-10-18,20:00,ET,Sun,Pinterest,MONEY SYSTEMS,Money & Personal Finance,T63,Pin 1000x1500,no,Twenty minutes a week with your money changes the year.,Weekly Money Review Routine,01_pin.png,content_backlog/pinterest/GG-261018-PIN,"Weekly Money Review Routine. Twenty minutes a week with your money changes the year. What you avoid looking at is what quietly runs you. Save this pin for later, and follow @gogettrdaily for more."
GG-261019-IG,2026-10-19,08:00,ET,Mon,Instagram (+Facebook link),DEEP WORK,,T64,Reel · vertical MP4 (1080x1920),yes,"Your best work needs 90 quiet minutes, not more willpower.",,video.mp4,content_backlog/instagram/GG-261019-IG,"Depth beats hours. Protect one block like a meeting.

Schedule one 90-minute block tomorrow.

Watch to the end, save it, then follow @gogettrdaily for a new system every day.

#productivity #timemanagement #focus #success #selfimprovement"
GG-261019-FB,2026-10-19,09:00,ET,Mon,Facebook,DEEP WORK,,T64,Single image (1080x1350),no,"Your best work needs 90 quiet minutes, not more willpower.",,01_card.png,content_backlog/facebook/GG-261019-FB,"Your best work needs 90 quiet minutes, not more willpower.

Depth beats hours. Protect one block like a meeting.

→ Pick the one task that matters.
→ Phone in another room, door shut.
→ Ninety minutes, one thing, no tabs.
→ Then a real break, no guilt.
→ One deep block beats a scattered day.

Which one would move your month the most? Tell me below. (Save the post so it is there when you need it.)

#productivity #selfimprovement"
GG-261019-X,2026-10-19,09:00,ET,Mon,X / Twitter,DEEP WORK,,T64,Text + image card (1600x900),no,"Your best work needs 90 quiet minutes, not more willpower.",,01_card.png,content_backlog/x/GG-261019-X,"Your best work needs 90 quiet minutes, not more willpower.

1. Pick the one task that matters.
2. Phone in another room, door shut.
3. Ninety minutes, one thing, no tabs.
4. Then a real break, no guilt.
5. One deep block beats a scattered day.

Schedule one 90-minute block tomorrow.

#productivity #selfimprovement"
GG-261019-LI,2026-10-19,08:00,ET,Mon,LinkedIn,DEEP WORK,,T64,Single image (1080x1080),no,"Your best work needs 90 quiet minutes, not more willpower.",,01_card.png,content_backlog/linkedin/GG-261019-LI,"The most capable people I know don't run on willpower. They design defaults.

Your best work needs 90 quiet minutes, not more willpower.

• Pick the one task that matters.
• Phone in another room, door shut.
• Ninety minutes, one thing, no tabs.
• Then a real break, no guilt.
• One deep block beats a scattered day.

Systems beat motivation because they only ask you to decide once.

#productivity #timemanagement #selfimprovement"
GG-261019-YT,2026-10-19,15:00,ET,Mon,YouTube Shorts,DEEP WORK,,T64,Shorts · vertical MP4 (1080x1920),yes,"Your best work needs 90 quiet minutes, not more willpower.",Deep Work Time Block #shorts,video.mp4,content_backlog/youtube/GG-261019-YT,"Deep Work Time Block

One deep block beats a scattered day.

1. Pick the one task that matters.
2. Phone in another room, door shut.
3. Ninety minutes, one thing, no tabs.
4. Then a real break, no guilt.
5. One deep block beats a scattered day.

Follow @gogettrdaily for more.

#productivity #timemanagement #focus #selfimprovement #shorts"
GG-261019-TT,2026-10-19,19:00,ET,Mon,TikTok,DEEP WORK,,T64,Vertical MP4 · motion (1080x1920),yes,"Your best work needs 90 quiet minutes, not more willpower.",,video.mp4,content_backlog/tiktok/GG-261019-TT,"Your best work needs 90 quiet minutes, not more willpower.

Bookmark this. Schedule one 90-minute block tomorrow.

#timeblocking #productivitytok #timemanagementtips #habitbuilding #productivitysystem"
GG-261019-PIN,2026-10-19,20:00,ET,Mon,Pinterest,DEEP WORK,Productivity & Time Management,T64,Video Pin · vertical MP4 (1080x1920),yes,"Your best work needs 90 quiet minutes, not more willpower.",Deep Work Time Block,video.mp4,content_backlog/pinterest/GG-261019-PIN,"Deep Work Time Block — the quick breakdown. Your best work needs 90 quiet minutes, not more willpower. Depth beats hours. Protect one block like a meeting. Save this pin for the next time you need it."
GG-261020-IG,2026-10-20,08:00,ET,Tue,Instagram (+Facebook link),SYSTEM DESIGN,,T65,Reel · vertical MP4 (1080x1920),yes,A task with no box expands to eat your whole day.,,video.mp4,content_backlog/instagram/GG-261020-IG,"Give every task a start, an end, and a slot on the calendar.

Box tomorrow's three biggest tasks.

Watch to the end, save it, then follow @gogettrdaily for a new system every day.

#productivity #timemanagement #focus #success #selfimprovement"
GG-261020-FB,2026-10-20,09:00,ET,Tue,Facebook,SYSTEM DESIGN,,T65,Single image (1080x1350),no,A task with no box expands to eat your whole day.,,01_card.png,content_backlog/facebook/GG-261020-FB,"A task with no box expands to eat your whole day.

Give every task a start, an end, and a slot on the calendar.

→ Estimate the task honestly.
→ Give it a fixed box on the calendar.
→ Start and stop with the box.
→ Unfinished rolls to the next box.
→ The box protects the rest of the day.

Which one would move your month the most? Tell me below. (Save the post so it is there when you need it.)

#productivity #selfimprovement"
GG-261020-X,2026-10-20,09:00,ET,Tue,X / Twitter,SYSTEM DESIGN,,T65,Text + image card (1600x900),no,A task with no box expands to eat your whole day.,,01_card.png,content_backlog/x/GG-261020-X,"A task with no box expands to eat your whole day.

1. Estimate the task honestly.
2. Give it a fixed box on the calendar.
3. Start and stop with the box.
4. Unfinished rolls to the next box.
5. The box protects the rest of the day.

Box tomorrow's three biggest tasks.

#productivity #selfimprovement"
GG-261020-LI,2026-10-20,08:00,ET,Tue,LinkedIn,SYSTEM DESIGN,,T65,Single image (1080x1080),no,A task with no box expands to eat your whole day.,,01_card.png,content_backlog/linkedin/GG-261020-LI,"The most capable people I know don't run on willpower. They design defaults.

A task with no box expands to eat your whole day.

• Estimate the task honestly.
• Give it a fixed box on the calendar.
• Start and stop with the box.
• Unfinished rolls to the next box.
• The box protects the rest of the day.

Systems beat motivation because they only ask you to decide once.

#productivity #timemanagement #selfimprovement"
GG-261020-YT,2026-10-20,15:00,ET,Tue,YouTube Shorts,SYSTEM DESIGN,,T65,Shorts · vertical MP4 (1080x1920),yes,A task with no box expands to eat your whole day.,How To Timebox Your Day #shorts,video.mp4,content_backlog/youtube/GG-261020-YT,"How To Timebox Your Day

Work fills the time you give it.

1. Estimate the task honestly.
2. Give it a fixed box on the calendar.
3. Start and stop with the box.
4. Unfinished rolls to the next box.
5. The box protects the rest of the day.

Follow @gogettrdaily for more.

#productivity #timemanagement #focus #selfimprovement #shorts"
GG-261020-TT,2026-10-20,19:00,ET,Tue,TikTok,SYSTEM DESIGN,,T65,Photo carousel · 4 stills (1080x1920),no,A task with no box expands to eat your whole day.,,01_frame.png,content_backlog/tiktok/GG-261020-TT,"A task with no box expands to eat your whole day.

Swipe. Which one are you skipping? Be honest.

#productivitytok #timemanagementtips #deepwork #productivitysystem #systemsthinking"
GG-261020-PIN,2026-10-20,20:00,ET,Tue,Pinterest,SYSTEM DESIGN,Productivity & Time Management,T65,Pin 1000x1500,no,A task with no box expands to eat your whole day.,How To Timebox Your Day,01_pin.png,content_backlog/pinterest/GG-261020-PIN,"How To Timebox Your Day. A task with no box expands to eat your whole day. Give every task a start, an end, and a slot on the calendar. Save this pin for later, and follow @gogettrdaily for more."
GG-261021-IG,2026-10-21,08:00,ET,Wed,Instagram (+Facebook link),DEEP WORK,,T66,Carousel · 8 slides (1080x1350),no,Work follows you home because you never told it to stop.,,01_cover.png,content_backlog/instagram/GG-261021-IG,"A clean end is what lets the evening actually begin.

→ Write tomorrow's first task.
→ Close every open loop on paper.
→ Say one line: work is done.
→ Shut the laptop, leave the desk.
→ A clear end starts a real evening.

Swipe through, save it for later, and send it to someone who needs it. Follow @gogettrdaily for a new system every day.

#productivity #timemanagement #focus #success #selfimprovement"
GG-261021-FB,2026-10-21,09:00,ET,Wed,Facebook,DEEP WORK,,T66,Single image (1080x1350),no,Work follows you home because you never told it to stop.,,01_card.png,content_backlog/facebook/GG-261021-FB,"Work follows you home because you never told it to stop.

A clean end is what lets the evening actually begin.

→ Write tomorrow's first task.
→ Close every open loop on paper.
→ Say one line: work is done.
→ Shut the laptop, leave the desk.
→ A clear end starts a real evening.

Which one would move your month the most? Tell me below. (Save the post so it is there when you need it.)

#productivity #selfimprovement"
GG-261021-X,2026-10-21,09:00,ET,Wed,X / Twitter,DEEP WORK,,T66,Text + image card (1600x900),no,Work follows you home because you never told it to stop.,,01_card.png,content_backlog/x/GG-261021-X,"Work follows you home because you never told it to stop.

1. Write tomorrow's first task.
2. Close every open loop on paper.
3. Say one line: work is done.
4. Shut the laptop, leave the desk.
5. A clear end starts a real evening.

Run a two-minute shutdown tonight.

#productivity #selfimprovement"
GG-261021-LI,2026-10-21,08:00,ET,Wed,LinkedIn,DEEP WORK,,T66,Single image (1080x1080),no,Work follows you home because you never told it to stop.,,01_card.png,content_backlog/linkedin/GG-261021-LI,"The most capable people I know don't run on willpower. They design defaults.

Work follows you home because you never told it to stop.

• Write tomorrow's first task.
• Close every open loop on paper.
• Say one line: work is done.
• Shut the laptop, leave the desk.
• A clear end starts a real evening.

Systems beat motivation because they only ask you to decide once.

#productivity #timemanagement #selfimprovement"
GG-261021-YT,2026-10-21,15:00,ET,Wed,YouTube Shorts,DEEP WORK,,T66,Shorts · vertical MP4 (1080x1920),yes,Work follows you home because you never told it to stop.,End Of Workday Routine #shorts,video.mp4,content_backlog/youtube/GG-261021-YT,"End Of Workday Routine

A clear end starts a real evening.

1. Write tomorrow's first task.
2. Close every open loop on paper.
3. Say one line: work is done.
4. Shut the laptop, leave the desk.
5. A clear end starts a real evening.

Follow @gogettrdaily for more.

#productivity #timemanagement #focus #selfimprovement #shorts"
GG-261021-TT,2026-10-21,19:00,ET,Wed,TikTok,DEEP WORK,,T66,Vertical MP4 · motion (1080x1920),yes,Work follows you home because you never told it to stop.,,video.mp4,content_backlog/tiktok/GG-261021-TT,"Work follows you home because you never told it to stop.

Save this, then run it. Run a two-minute shutdown tonight.

#timemanagementtips #deepwork #timeblocking #restday #wellnesstok"
GG-261021-PIN,2026-10-21,20:00,ET,Wed,Pinterest,DEEP WORK,Fitness & Healthy Habits,T66,Carousel Pin · 3 cards (1000x1500),no,Work follows you home because you never told it to stop.,End Of Workday Routine,01_pin.png,content_backlog/pinterest/GG-261021-PIN,End Of Workday Routine: swipe through all 3 cards. Work follows you home because you never told it to stop. A clean end is what lets the evening actually begin. Save this pin and follow for systems that actually stick.
GG-261022-IG,2026-10-22,08:00,ET,Thu,Instagram (+Facebook link),SYSTEM DESIGN,,T67,Reel · vertical MP4 (1080x1920),yes,"If it takes under two minutes, it never goes on a list.",,video.mp4,content_backlog/instagram/GG-261022-IG,"Small tasks cost more in the queue than in the doing.

Clear three two-minute tasks right now.

Watch to the end, save it, then follow @gogettrdaily for a new system every day.

#productivity #timemanagement #focus #success #selfimprovement"
GG-261022-FB,2026-10-22,09:00,ET,Thu,Facebook,SYSTEM DESIGN,,T67,Single image (1080x1350),no,"If it takes under two minutes, it never goes on a list.",,01_card.png,content_backlog/facebook/GG-261022-FB,"If it takes under two minutes, it never goes on a list.

Small tasks cost more in the queue than in the doing.

→ Under two minutes, do it now.
→ Answer, file, or throw it out.
→ Stop stacking a backlog of tiny things.
→ Save the list for the real work.
→ Do it now, or decide it never happens.

Which one would move your month the most? Tell me below. (Save the post so it is there when you need it.)

#productivity #selfimprovement"
GG-261022-X,2026-10-22,09:00,ET,Thu,X / Twitter,SYSTEM DESIGN,,T67,Text + image card (1600x900),no,"If it takes under two minutes, it never goes on a list.",,01_card.png,content_backlog/x/GG-261022-X,"If it takes under two minutes, it never goes on a list.

1. Under two minutes, do it now.
2. Answer, file, or throw it out.
3. Stop stacking a backlog of tiny things.
4. Save the list for the real work.
5. Do it now, or decide it never happens.

Clear three two-minute tasks right now.

#productivity #selfimprovement"
GG-261022-LI,2026-10-22,08:00,ET,Thu,LinkedIn,SYSTEM DESIGN,,T67,Single image (1080x1080),no,"If it takes under two minutes, it never goes on a list.",,01_card.png,content_backlog/linkedin/GG-261022-LI,"The most capable people I know don't run on willpower. They design defaults.

If it takes under two minutes, it never goes on a list.

• Under two minutes, do it now.
• Answer, file, or throw it out.
• Stop stacking a backlog of tiny things.
• Save the list for the real work.
• Do it now, or decide it never happens.

Systems beat motivation because they only ask you to decide once.

#productivity #timemanagement #selfimprovement"
GG-261022-YT,2026-10-22,15:00,ET,Thu,YouTube Shorts,SYSTEM DESIGN,,T67,Shorts · vertical MP4 (1080x1920),yes,"If it takes under two minutes, it never goes on a list.",Two Minute Rule Habit #shorts,video.mp4,content_backlog/youtube/GG-261022-YT,"Two Minute Rule Habit

A tiny task costs more waiting than doing.

1. Under two minutes, do it now.
2. Answer, file, or throw it out.
3. Stop stacking a backlog of tiny things.
4. Save the list for the real work.
5. Do it now, or decide it never happens.

Follow @gogettrdaily for more.

#productivity #timemanagement #focus #selfimprovement #shorts"
GG-261022-TT,2026-10-22,19:00,ET,Thu,TikTok,SYSTEM DESIGN,,T67,Single image (1080x1920),no,"If it takes under two minutes, it never goes on a list.",,01_frame.png,content_backlog/tiktok/GG-261022-TT,"If it takes under two minutes, it never goes on a list. Clear three two-minute tasks right now.

Screenshot this one.

#deepwork #timeblocking #productivitytok #atomichabits #habitbuilding"
GG-261022-PIN,2026-10-22,20:00,ET,Thu,Pinterest,SYSTEM DESIGN,Productivity & Time Management,T67,Pin 1000x1500,no,"If it takes under two minutes, it never goes on a list.",Two Minute Rule Habit,01_pin.png,content_backlog/pinterest/GG-261022-PIN,"Two Minute Rule Habit. If it takes under two minutes, it never goes on a list. Small tasks cost more in the queue than in the doing. Save this pin for later, and follow @gogettrdaily for more."
GG-261023-IG,2026-10-23,08:00,ET,Fri,Instagram (+Facebook link),SYSTEM DESIGN,,T68,Reel · vertical MP4 (1080x1920),yes,"Do the thing you dread first, before the day negotiates.",,video.mp4,content_backlog/instagram/GG-261023-IG,"The task you avoid is usually the one that matters.

Name tomorrow's frog tonight.

Watch to the end, save it, then follow @gogettrdaily for a new system every day.

#productivity #timemanagement #focus #success #selfimprovement"
GG-261023-FB,2026-10-23,09:00,ET,Fri,Facebook,SYSTEM DESIGN,,T68,Single image (1080x1350),no,"Do the thing you dread first, before the day negotiates.",,01_card.png,content_backlog/facebook/GG-261023-FB,"Do the thing you dread first, before the day negotiates.

The task you avoid is usually the one that matters.

→ Name the frog the night before.
→ Do it before email, before noise.
→ No warm-up busywork first.
→ Win the morning, coast the drift.
→ The dread shrinks once it is done.

Which one would move your month the most? Tell me below. (Save the post so it is there when you need it.)

#productivity #selfimprovement"
GG-261023-X,2026-10-23,09:00,ET,Fri,X / Twitter,SYSTEM DESIGN,,T68,Text + image card (1600x900),no,"Do the thing you dread first, before the day negotiates.",,01_card.png,content_backlog/x/GG-261023-X,"Do the thing you dread first, before the day negotiates.

1. Name the frog the night before.
2. Do it before email, before noise.
3. No warm-up busywork first.
4. Win the morning, coast the drift.
5. The dread shrinks once it is done.

Name tomorrow's frog tonight.

#productivity #selfimprovement"
GG-261023-LI,2026-10-23,08:00,ET,Fri,LinkedIn,SYSTEM DESIGN,,T68,Single image (1080x1080),no,"Do the thing you dread first, before the day negotiates.",,01_card.png,content_backlog/linkedin/GG-261023-LI,"The most capable people I know don't run on willpower. They design defaults.

Do the thing you dread first, before the day negotiates.

• Name the frog the night before.
• Do it before email, before noise.
• No warm-up busywork first.
• Win the morning, coast the drift.
• The dread shrinks once it is done.

Systems beat motivation because they only ask you to decide once.

#productivity #timemanagement #selfimprovement"
GG-261023-YT,2026-10-23,15:00,ET,Fri,YouTube Shorts,SYSTEM DESIGN,,T68,Shorts · vertical MP4 (1080x1920),yes,"Do the thing you dread first, before the day negotiates.",Eat The Frog Method #shorts,video.mp4,content_backlog/youtube/GG-261023-YT,"Eat The Frog Method

Do the hard thing before the day argues.

1. Name the frog the night before.
2. Do it before email, before noise.
3. No warm-up busywork first.
4. Win the morning, coast the drift.
5. The dread shrinks once it is done.

Follow @gogettrdaily for more.

#productivity #timemanagement #focus #selfimprovement #shorts"
GG-261023-TT,2026-10-23,19:00,ET,Fri,TikTok,SYSTEM DESIGN,,T68,Vertical MP4 · motion (1080x1920),yes,"Do the thing you dread first, before the day negotiates.",,video.mp4,content_backlog/tiktok/GG-261023-TT,"Do the thing you dread first, before the day negotiates.

Name tomorrow's frog tonight. Follow for the next system.

#timeblocking #productivitytok #timemanagementtips #mentalstrength #growthmindset"
GG-261023-PIN,2026-10-23,20:00,ET,Fri,Pinterest,SYSTEM DESIGN,Productivity & Time Management,T68,Video Pin · vertical MP4 (1080x1920),yes,"Do the thing you dread first, before the day negotiates.",Eat The Frog Method,video.mp4,content_backlog/pinterest/GG-261023-PIN,"Eat The Frog Method — the quick breakdown. Do the thing you dread first, before the day negotiates. The task you avoid is usually the one that matters. Save this pin for the next time you need it."
GG-261024-IG,2026-10-24,08:00,ET,Sat,Instagram (+Facebook link),FRICTION FILE,,T69,Carousel · 7 slides (1080x1350),no,Every buzz is someone else setting your next ten seconds.,,01_cover.png,content_backlog/instagram/GG-261024-IG,"An alert that creates no action is just a leash.

→ Turn off everything by default.
→ Allow people, not apps.
→ Batch the rest to set times.
→ Check on your schedule, not theirs.
→ Silence is a feature you switch on.

Swipe through, save it for later, and send it to someone who needs it. Follow @gogettrdaily for a new system every day.

#minimalism #organization #productivity #declutter #selfimprovement"
GG-261024-FB,2026-10-24,09:00,ET,Sat,Facebook,FRICTION FILE,,T69,Single image (1080x1350),no,Every buzz is someone else setting your next ten seconds.,,01_card.png,content_backlog/facebook/GG-261024-FB,"Every buzz is someone else setting your next ten seconds.

An alert that creates no action is just a leash.

→ Turn off everything by default.
→ Allow people, not apps.
→ Batch the rest to set times.
→ Check on your schedule, not theirs.
→ Silence is a feature you switch on.

Which one would move your month the most? Tell me below. (Save the post so it is there when you need it.)

#minimalism #selfimprovement"
GG-261024-X,2026-10-24,09:00,ET,Sat,X / Twitter,FRICTION FILE,,T69,Text + image card (1600x900),no,Every buzz is someone else setting your next ten seconds.,,01_card.png,content_backlog/x/GG-261024-X,"Every buzz is someone else setting your next ten seconds.

1. Turn off everything by default.
2. Allow people, not apps.
3. Batch the rest to set times.
4. Check on your schedule, not theirs.
5. Silence is a feature you switch on.

Kill every non-human notification today.

#minimalism #selfimprovement"
GG-261024-LI,2026-10-24,08:00,ET,Sat,LinkedIn,FRICTION FILE,,T69,Single image (1080x1080),no,Every buzz is someone else setting your next ten seconds.,,01_card.png,content_backlog/linkedin/GG-261024-LI,"The most capable people I know don't run on willpower. They design defaults.

Every buzz is someone else setting your next ten seconds.

• Turn off everything by default.
• Allow people, not apps.
• Batch the rest to set times.
• Check on your schedule, not theirs.
• Silence is a feature you switch on.

Systems beat motivation because they only ask you to decide once.

#minimalism #organization #selfimprovement"
GG-261024-YT,2026-10-24,15:00,ET,Sat,YouTube Shorts,FRICTION FILE,,T69,Shorts · vertical MP4 (1080x1920),yes,Every buzz is someone else setting your next ten seconds.,Turn Off Notifications #shorts,video.mp4,content_backlog/youtube/GG-261024-YT,"Turn Off Notifications

An alert with no action is a leash.

1. Turn off everything by default.
2. Allow people, not apps.
3. Batch the rest to set times.
4. Check on your schedule, not theirs.
5. Silence is a feature you switch on.

Follow @gogettrdaily for more.

#minimalism #organization #productivity #selfimprovement #shorts"
GG-261024-TT,2026-10-24,19:00,ET,Sat,TikTok,FRICTION FILE,,T69,Photo carousel · 5 stills (1080x1920),no,Every buzz is someone else setting your next ten seconds.,,01_frame.png,content_backlog/tiktok/GG-261024-TT,"Every buzz is someone else setting your next ten seconds.

Swipe. Kill every non-human notification today. Comment the step you'll run first.

#minimalisttok #organizationtips #slowliving #timemanagementtips #deepwork"
GG-261024-PIN,2026-10-24,20:00,ET,Sat,Pinterest,FRICTION FILE,Productivity & Time Management,T69,Pin 1000x1500,no,Every buzz is someone else setting your next ten seconds.,Turn Off Notifications,01_pin.png,content_backlog/pinterest/GG-261024-PIN,"Turn Off Notifications. Every buzz is someone else setting your next ten seconds. An alert that creates no action is just a leash. Save this pin for later, and follow @gogettrdaily for more."
GG-261025-IG,2026-10-25,08:00,ET,Sun,Instagram (+Facebook link),SYSTEM DESIGN,,T70,Reel · vertical MP4 (1080x1920),yes,Your to-do list is full because your not-to-do list is empty.,,video.mp4,content_backlog/instagram/GG-261025-IG,"Protect your focus by naming what you refuse.

Write three lines for your not-to-do list.

Watch to the end, save it, then follow @gogettrdaily for a new system every day.

#productivity #timemanagement #focus #success #selfimprovement"
GG-261025-FB,2026-10-25,09:00,ET,Sun,Facebook,SYSTEM DESIGN,,T70,Single image (1080x1350),no,Your to-do list is full because your not-to-do list is empty.,,01_card.png,content_backlog/facebook/GG-261025-FB,"Your to-do list is full because your not-to-do list is empty.

Protect your focus by naming what you refuse.

→ List what you always regret doing.
→ No meetings without an agenda.
→ No phone in the first hour.
→ No yes on the day of the ask.
→ What you refuse protects what you finish.

Which one would move your month the most? Tell me below. (Save the post so it is there when you need it.)

#productivity #selfimprovement"
GG-261025-X,2026-10-25,09:00,ET,Sun,X / Twitter,SYSTEM DESIGN,,T70,Text + image card (1600x900),no,Your to-do list is full because your not-to-do list is empty.,,01_card.png,content_backlog/x/GG-261025-X,"Your to-do list is full because your not-to-do list is empty.

1. List what you always regret doing.
2. No meetings without an agenda.
3. No phone in the first hour.
4. No yes on the day of the ask.
5. What you refuse protects what you finish.

Write three lines for your not-to-do list.

#productivity #selfimprovement"
GG-261025-LI,2026-10-25,08:00,ET,Sun,LinkedIn,SYSTEM DESIGN,,T70,Single image (1080x1080),no,Your to-do list is full because your not-to-do list is empty.,,01_card.png,content_backlog/linkedin/GG-261025-LI,"The most capable people I know don't run on willpower. They design defaults.

Your to-do list is full because your not-to-do list is empty.

• List what you always regret doing.
• No meetings without an agenda.
• No phone in the first hour.
• No yes on the day of the ask.
• What you refuse protects what you finish.

Systems beat motivation because they only ask you to decide once.

#productivity #timemanagement #selfimprovement"
GG-261025-YT,2026-10-25,15:00,ET,Sun,YouTube Shorts,SYSTEM DESIGN,,T70,Shorts · vertical MP4 (1080x1920),yes,Your to-do list is full because your not-to-do list is empty.,What Not To Do List #shorts,video.mp4,content_backlog/youtube/GG-261025-YT,"What Not To Do List

What you refuse protects what you finish.

1. List what you always regret doing.
2. No meetings without an agenda.
3. No phone in the first hour.
4. No yes on the day of the ask.
5. What you refuse protects what you finish.

Follow @gogettrdaily for more.

#productivity #timemanagement #focus #selfimprovement #shorts"
GG-261025-TT,2026-10-25,19:00,ET,Sun,TikTok,SYSTEM DESIGN,,T70,Vertical MP4 · motion (1080x1920),yes,Your to-do list is full because your not-to-do list is empty.,,video.mp4,content_backlog/tiktok/GG-261025-TT,"Your to-do list is full because your not-to-do list is empty.

Save it now. Write three lines for your not-to-do list.

#timemanagementtips #deepwork #timeblocking #systemsthinking #atomichabits"
GG-261025-PIN,2026-10-25,20:00,ET,Sun,Pinterest,SYSTEM DESIGN,Productivity & Time Management,T70,Carousel Pin · 3 cards (1000x1500),no,Your to-do list is full because your not-to-do list is empty.,What Not To Do List,01_pin.png,content_backlog/pinterest/GG-261025-PIN,What Not To Do List: swipe through all 3 cards. Your to-do list is full because your not-to-do list is empty. Protect your focus by naming what you refuse. Save this pin and follow for systems that actually stick.
GG-261026-IG,2026-10-26,08:00,ET,Mon,Instagram (+Facebook link),WORK CAPACITY,,T71,Reel · vertical MP4 (1080x1920),yes,You will forget your own wins by review season. Log them.,,video.mp4,content_backlog/instagram/GG-261026-IG,"Memory is a bad advocate. Keep the receipts.

Start the file with this week's win.

Watch to the end, save it, then follow @gogettrdaily for a new system every day.

#career #success #entrepreneur #motivation #selfimprovement"
GG-261026-FB,2026-10-26,09:00,ET,Mon,Facebook,WORK CAPACITY,,T71,Single image (1080x1350),no,You will forget your own wins by review season. Log them.,,01_card.png,content_backlog/facebook/GG-261026-FB,"You will forget your own wins by review season. Log them.

Memory is a bad advocate. Keep the receipts.

→ One line every Friday.
→ What you shipped and what it moved.
→ Numbers wherever a number exists.
→ Save the thank-you notes too.
→ Show the record, not a vibe.

Which one would move your month the most? Tell me below. (Save the post so it is there when you need it.)

#career #selfimprovement"
GG-261026-X,2026-10-26,09:00,ET,Mon,X / Twitter,WORK CAPACITY,,T71,Text + image card (1600x900),no,You will forget your own wins by review season. Log them.,,01_card.png,content_backlog/x/GG-261026-X,"You will forget your own wins by review season. Log them.

1. One line every Friday.
2. What you shipped and what it moved.
3. Numbers wherever a number exists.
4. Save the thank-you notes too.
5. Show the record, not a vibe.

Start the file with this week's win.

#career #selfimprovement"
GG-261026-LI,2026-10-26,08:00,ET,Mon,LinkedIn,WORK CAPACITY,,T71,Single image (1080x1080),no,You will forget your own wins by review season. Log them.,,01_card.png,content_backlog/linkedin/GG-261026-LI,"The most capable people I know don't run on willpower. They design defaults.

You will forget your own wins by review season. Log them.

• One line every Friday.
• What you shipped and what it moved.
• Numbers wherever a number exists.
• Save the thank-you notes too.
• Show the record, not a vibe.

Systems beat motivation because they only ask you to decide once.

#career #success #selfimprovement"
GG-261026-YT,2026-10-26,15:00,ET,Mon,YouTube Shorts,WORK CAPACITY,,T71,Shorts · vertical MP4 (1080x1920),yes,You will forget your own wins by review season. Log them.,Brag Document For Work #shorts,video.mp4,content_backlog/youtube/GG-261026-YT,"Brag Document For Work

Keep the receipts on your own work.

1. One line every Friday.
2. What you shipped and what it moved.
3. Numbers wherever a number exists.
4. Save the thank-you notes too.
5. Show the record, not a vibe.

Follow @gogettrdaily for more.

#career #success #entrepreneur #selfimprovement #shorts"
GG-261026-TT,2026-10-26,19:00,ET,Mon,TikTok,WORK CAPACITY,,T71,Single image (1080x1920),no,You will forget your own wins by review season. Log them.,,01_frame.png,content_backlog/tiktok/GG-261026-TT,"You will forget your own wins by review season. Log them. Start the file with this week's win.

Save it for the next time you need it.

#careergrowth #careertok #careeradvice #atomichabits #habitbuilding"
GG-261026-PIN,2026-10-26,20:00,ET,Mon,Pinterest,WORK CAPACITY,Career Growth & Success,T71,Pin 1000x1500,no,You will forget your own wins by review season. Log them.,Brag Document For Work,01_pin.png,content_backlog/pinterest/GG-261026-PIN,"Brag Document For Work. You will forget your own wins by review season. Log them. Memory is a bad advocate. Keep the receipts. Save this pin for later, and follow @gogettrdaily for more."
GG-261027-IG,2026-10-27,08:00,ET,Tue,Instagram (+Facebook link),CAREER SIGNALS,,T72,Carousel · 8 slides (1080x1350),no,Your manager cannot promote work they never saw.,,01_cover.png,content_backlog/instagram/GG-261027-IG,"Managing up is visibility, not politics.

→ Three bullets every Friday.
→ Done, in progress, blocked.
→ Name the impact, not the effort.
→ Ask for one decision or unblock.
→ Make your work impossible to miss.

Swipe through, save it for later, and send it to someone who needs it. Follow @gogettrdaily for a new system every day.

#career #success #entrepreneur #motivation #selfimprovement"
GG-261027-FB,2026-10-27,09:00,ET,Tue,Facebook,CAREER SIGNALS,,T72,Single image (1080x1350),no,Your manager cannot promote work they never saw.,,01_card.png,content_backlog/facebook/GG-261027-FB,"Your manager cannot promote work they never saw.

Managing up is visibility, not politics.

→ Three bullets every Friday.
→ Done, in progress, blocked.
→ Name the impact, not the effort.
→ Ask for one decision or unblock.
→ Make your work impossible to miss.

Which one would move your month the most? Tell me below. (Save the post so it is there when you need it.)

#career #selfimprovement"
GG-261027-X,2026-10-27,09:00,ET,Tue,X / Twitter,CAREER SIGNALS,,T72,Text + image card (1600x900),no,Your manager cannot promote work they never saw.,,01_card.png,content_backlog/x/GG-261027-X,"Your manager cannot promote work they never saw.

1. Three bullets every Friday.
2. Done, in progress, blocked.
3. Name the impact, not the effort.
4. Ask for one decision or unblock.
5. Make your work impossible to miss.

Send your first Friday update this week.

#career #selfimprovement"
GG-261027-LI,2026-10-27,08:00,ET,Tue,LinkedIn,CAREER SIGNALS,,T72,Single image (1080x1080),no,Your manager cannot promote work they never saw.,,01_card.png,content_backlog/linkedin/GG-261027-LI,"The most capable people I know don't run on willpower. They design defaults.

Your manager cannot promote work they never saw.

• Three bullets every Friday.
• Done, in progress, blocked.
• Name the impact, not the effort.
• Ask for one decision or unblock.
• Make your work impossible to miss.

Systems beat motivation because they only ask you to decide once.

#career #success #selfimprovement"
GG-261027-YT,2026-10-27,15:00,ET,Tue,YouTube Shorts,CAREER SIGNALS,,T72,Shorts · vertical MP4 (1080x1920),yes,Your manager cannot promote work they never saw.,How To Manage Up At Work #shorts,video.mp4,content_backlog/youtube/GG-261027-YT,"How To Manage Up At Work

They cannot reward what they cannot see.

1. Three bullets every Friday.
2. Done, in progress, blocked.
3. Name the impact, not the effort.
4. Ask for one decision or unblock.
5. Make your work impossible to miss.

Follow @gogettrdaily for more.

#career #success #entrepreneur #selfimprovement #shorts"
GG-261027-TT,2026-10-27,19:00,ET,Tue,TikTok,CAREER SIGNALS,,T72,Photo carousel · 5 stills (1080x1920),no,Your manager cannot promote work they never saw.,,01_frame.png,content_backlog/tiktok/GG-261027-TT,"Your manager cannot promote work they never saw.

Swipe through. Send your first Friday update this week. Drop your number below.

#careertok #careeradvice #worktok #habitbuilding #productivitysystem"
GG-261027-PIN,2026-10-27,20:00,ET,Tue,Pinterest,CAREER SIGNALS,Career Growth & Success,T72,Video Pin · vertical MP4 (1080x1920),yes,Your manager cannot promote work they never saw.,How To Manage Up At Work,video.mp4,content_backlog/pinterest/GG-261027-PIN,"How To Manage Up At Work — the quick breakdown. Your manager cannot promote work they never saw. Managing up is visibility, not politics. Save this pin for the next time you need it."
GG-261028-IG,2026-10-28,08:00,ET,Wed,Instagram (+Facebook link),WORK CAPACITY,,T73,Reel · vertical MP4 (1080x1920),yes,Stop asking how am I doing. Ask what they can answer.,,video.mp4,content_backlog/instagram/GG-261028-IG,"Vague questions get vague, useless answers.

Ask one specific question this week.

Watch to the end, save it, then follow @gogettrdaily for a new system every day.

#career #success #entrepreneur #motivation #selfimprovement"
GG-261028-FB,2026-10-28,09:00,ET,Wed,Facebook,WORK CAPACITY,,T73,Single image (1080x1350),no,Stop asking how am I doing. Ask what they can answer.,,01_card.png,content_backlog/facebook/GG-261028-FB,"Stop asking how am I doing. Ask what they can answer.

Vague questions get vague, useless answers.

→ Ask what one thing to change.
→ Ask where you slowed the team.
→ Ask what a raise would require.
→ Say thanks, then actually do it.
→ Specific questions unlock real answers.

Which one would move your month the most? Tell me below. (Save the post so it is there when you need it.)

#career #selfimprovement"
GG-261028-X,2026-10-28,09:00,ET,Wed,X / Twitter,WORK CAPACITY,,T73,Text + image card (1600x900),no,Stop asking how am I doing. Ask what they can answer.,,01_card.png,content_backlog/x/GG-261028-X,"Stop asking how am I doing. Ask what they can answer.

1. Ask what one thing to change.
2. Ask where you slowed the team.
3. Ask what a raise would require.
4. Say thanks, then actually do it.
5. Specific questions unlock real answers.

Ask one specific question this week.

#career #selfimprovement"
GG-261028-LI,2026-10-28,08:00,ET,Wed,LinkedIn,WORK CAPACITY,,T73,Single image (1080x1080),no,Stop asking how am I doing. Ask what they can answer.,,01_card.png,content_backlog/linkedin/GG-261028-LI,"The most capable people I know don't run on willpower. They design defaults.

Stop asking how am I doing. Ask what they can answer.

• Ask what one thing to change.
• Ask where you slowed the team.
• Ask what a raise would require.
• Say thanks, then actually do it.
• Specific questions unlock real answers.

Systems beat motivation because they only ask you to decide once.

#career #success #selfimprovement"
GG-261028-YT,2026-10-28,15:00,ET,Wed,YouTube Shorts,WORK CAPACITY,,T73,Shorts · vertical MP4 (1080x1920),yes,Stop asking how am I doing. Ask what they can answer.,How To Ask For Feedback #shorts,video.mp4,content_backlog/youtube/GG-261028-YT,"How To Ask For Feedback

Specific questions unlock real answers.

1. Ask what one thing to change.
2. Ask where you slowed the team.
3. Ask what a raise would require.
4. Say thanks, then actually do it.
5. Specific questions unlock real answers.

Follow @gogettrdaily for more.

#career #success #entrepreneur #selfimprovement #shorts"
GG-261028-TT,2026-10-28,19:00,ET,Wed,TikTok,WORK CAPACITY,,T73,Vertical MP4 · motion (1080x1920),yes,Stop asking how am I doing. Ask what they can answer.,,video.mp4,content_backlog/tiktok/GG-261028-TT,"Stop asking how am I doing. Ask what they can answer.

Ask one specific question this week. Comment where you're starting.

#careeradvice #worktok #careergrowth #communicationskills #charismatips"
GG-261028-PIN,2026-10-28,20:00,ET,Wed,Pinterest,WORK CAPACITY,Career Growth & Success,T73,Pin 1000x1500,no,Stop asking how am I doing. Ask what they can answer.,How To Ask For Feedback,01_pin.png,content_backlog/pinterest/GG-261028-PIN,"How To Ask For Feedback. Stop asking how am I doing. Ask what they can answer. Vague questions get vague, useless answers. Save this pin for later, and follow @gogettrdaily for more."
GG-261029-IG,2026-10-29,08:00,ET,Thu,Instagram (+Facebook link),WORK CAPACITY,,T74,Reel · vertical MP4 (1080x1920),yes,Be the person who wrote down how it actually works.,,video.mp4,content_backlog/instagram/GG-261029-IG,"Whoever documents the system quietly runs it.

Write one doc your team keeps re-asking.

Watch to the end, save it, then follow @gogettrdaily for a new system every day.

#career #success #entrepreneur #motivation #selfimprovement"
GG-261029-FB,2026-10-29,09:00,ET,Thu,Facebook,WORK CAPACITY,,T74,Single image (1080x1350),no,Be the person who wrote down how it actually works.,,01_card.png,content_backlog/facebook/GG-261029-FB,"Be the person who wrote down how it actually works.

Whoever documents the system quietly runs it.

→ Write the doc nobody wrote.
→ Turn tribal knowledge into a page.
→ Make onboarding point to you.
→ Kill the same question twice.
→ The author of the doc owns the room.

Which one would move your month the most? Tell me below. (Save the post so it is there when you need it.)

#career #selfimprovement"
GG-261029-X,2026-10-29,09:00,ET,Thu,X / Twitter,WORK CAPACITY,,T74,Text + image card (1600x900),no,Be the person who wrote down how it actually works.,,01_card.png,content_backlog/x/GG-261029-X,"Be the person who wrote down how it actually works.

1. Write the doc nobody wrote.
2. Turn tribal knowledge into a page.
3. Make onboarding point to you.
4. Kill the same question twice.
5. The author of the doc owns the room.

Write one doc your team keeps re-asking.

#career #selfimprovement"
GG-261029-LI,2026-10-29,08:00,ET,Thu,LinkedIn,WORK CAPACITY,,T74,Single image (1080x1080),no,Be the person who wrote down how it actually works.,,01_card.png,content_backlog/linkedin/GG-261029-LI,"The most capable people I know don't run on willpower. They design defaults.

Be the person who wrote down how it actually works.

• Write the doc nobody wrote.
• Turn tribal knowledge into a page.
• Make onboarding point to you.
• Kill the same question twice.
• The author of the doc owns the room.

Systems beat motivation because they only ask you to decide once.

#career #success #selfimprovement"
GG-261029-YT,2026-10-29,15:00,ET,Thu,YouTube Shorts,WORK CAPACITY,,T74,Shorts · vertical MP4 (1080x1920),yes,Be the person who wrote down how it actually works.,Be Indispensable At Work #shorts,video.mp4,content_backlog/youtube/GG-261029-YT,"Be Indispensable At Work

Whoever writes the doc owns the room.

1. Write the doc nobody wrote.
2. Turn tribal knowledge into a page.
3. Make onboarding point to you.
4. Kill the same question twice.
5. The author of the doc owns the room.

Follow @gogettrdaily for more.

#career #success #entrepreneur #selfimprovement #shorts"
GG-261029-TT,2026-10-29,19:00,ET,Thu,TikTok,WORK CAPACITY,,T74,Photo carousel · 4 stills (1080x1920),no,Be the person who wrote down how it actually works.,,01_frame.png,content_backlog/tiktok/GG-261029-TT,"Be the person who wrote down how it actually works.

Swipe to the end, then save the one you need.

#worktok #careergrowth #careertok #systemsthinking #atomichabits"
GG-261029-PIN,2026-10-29,20:00,ET,Thu,Pinterest,WORK CAPACITY,Career Growth & Success,T74,Carousel Pin · 3 cards (1000x1500),no,Be the person who wrote down how it actually works.,Be Indispensable At Work,01_pin.png,content_backlog/pinterest/GG-261029-PIN,Be Indispensable At Work: swipe through all 3 cards. Be the person who wrote down how it actually works. Whoever documents the system quietly runs it. Save this pin and follow for systems that actually stick.
GG-261030-IG,2026-10-30,08:00,ET,Fri,Instagram (+Facebook link),CAREER SIGNALS,,T75,Carousel · 7 slides (1080x1350),no,Act at the level you want before anyone hands it over.,,01_cover.png,content_backlog/instagram/GG-261030-IG,"The promotion follows the behavior, not the reverse.

→ Solve problems above your title.
→ Speak in outcomes, not tasks.
→ Bring answers, not just alarms.
→ Make your manager's job lighter.
→ Grow into the role, then get it.

Swipe through, save it for later, and send it to someone who needs it. Follow @gogettrdaily for a new system every day.

#career #success #entrepreneur #motivation #selfimprovement"
GG-261030-FB,2026-10-30,09:00,ET,Fri,Facebook,CAREER SIGNALS,,T75,Single image (1080x1350),no,Act at the level you want before anyone hands it over.,,01_card.png,content_backlog/facebook/GG-261030-FB,"Act at the level you want before anyone hands it over.

The promotion follows the behavior, not the reverse.

→ Solve problems above your title.
→ Speak in outcomes, not tasks.
→ Bring answers, not just alarms.
→ Make your manager's job lighter.
→ Grow into the role, then get it.

Which one would move your month the most? Tell me below. (Save the post so it is there when you need it.)

#career #selfimprovement"
GG-261030-X,2026-10-30,09:00,ET,Fri,X / Twitter,CAREER SIGNALS,,T75,Text + image card (1600x900),no,Act at the level you want before anyone hands it over.,,01_card.png,content_backlog/x/GG-261030-X,"Act at the level you want before anyone hands it over.

1. Solve problems above your title.
2. Speak in outcomes, not tasks.
3. Bring answers, not just alarms.
4. Make your manager's job lighter.
5. Grow into the role, then get it.

Pick one habit of the next level up.

#career #selfimprovement"
GG-261030-LI,2026-10-30,08:00,ET,Fri,LinkedIn,CAREER SIGNALS,,T75,Single image (1080x1080),no,Act at the level you want before anyone hands it over.,,01_card.png,content_backlog/linkedin/GG-261030-LI,"The most capable people I know don't run on willpower. They design defaults.

Act at the level you want before anyone hands it over.

• Solve problems above your title.
• Speak in outcomes, not tasks.
• Bring answers, not just alarms.
• Make your manager's job lighter.
• Grow into the role, then get it.

Systems beat motivation because they only ask you to decide once.

#career #success #selfimprovement"
GG-261030-YT,2026-10-30,15:00,ET,Fri,YouTube Shorts,CAREER SIGNALS,,T75,Shorts · vertical MP4 (1080x1920),yes,Act at the level you want before anyone hands it over.,How To Get Promoted #shorts,video.mp4,content_backlog/youtube/GG-261030-YT,"How To Get Promoted

The title follows the behavior.

1. Solve problems above your title.
2. Speak in outcomes, not tasks.
3. Bring answers, not just alarms.
4. Make your manager's job lighter.
5. Grow into the role, then get it.

Follow @gogettrdaily for more.

#career #success #entrepreneur #selfimprovement #shorts"
GG-261030-TT,2026-10-30,19:00,ET,Fri,TikTok,CAREER SIGNALS,,T75,Vertical MP4 · motion (1080x1920),yes,Act at the level you want before anyone hands it over.,,video.mp4,content_backlog/tiktok/GG-261030-TT,"Act at the level you want before anyone hands it over.

Pick one habit of the next level up. Which one is you? Drop the number.

#careergrowth #careertok #careeradvice #mindsetshift #mentalstrength"
GG-261030-PIN,2026-10-30,20:00,ET,Fri,Pinterest,CAREER SIGNALS,Career Growth & Success,T75,Pin 1000x1500,no,Act at the level you want before anyone hands it over.,How To Get Promoted,01_pin.png,content_backlog/pinterest/GG-261030-PIN,"How To Get Promoted. Act at the level you want before anyone hands it over. The promotion follows the behavior, not the reverse. Save this pin for later, and follow @gogettrdaily for more."
GG-261031-IG,2026-10-31,08:00,ET,Sat,Instagram (+Facebook link),ESCAPE VELOCITY,,T76,Reel · vertical MP4 (1080x1920),yes,"Update your resume while you are happy, not desperate.",,video.mp4,content_backlog/instagram/GG-261031-IG,"Leverage comes from options you built in advance.

Add this quarter's wins to your resume.

Watch to the end, save it, then follow @gogettrdaily for a new system every day.

#career #success #entrepreneur #motivation #selfimprovement"
GG-261031-FB,2026-10-31,09:00,ET,Sat,Facebook,ESCAPE VELOCITY,,T76,Single image (1080x1350),no,"Update your resume while you are happy, not desperate.",,01_card.png,content_backlog/facebook/GG-261031-FB,"Update your resume while you are happy, not desperate.

Leverage comes from options you built in advance.

→ Refresh it every quarter.
→ Log wins while they are fresh.
→ Keep one warm contact per company.
→ Never negotiate from zero options.
→ Options are the whole leverage.

Which one would move your month the most? Tell me below. (Save the post so it is there when you need it.)

#career #selfimprovement"
GG-261031-X,2026-10-31,09:00,ET,Sat,X / Twitter,ESCAPE VELOCITY,,T76,Text + image card (1600x900),no,"Update your resume while you are happy, not desperate.",,01_card.png,content_backlog/x/GG-261031-X,"Update your resume while you are happy, not desperate.

1. Refresh it every quarter.
2. Log wins while they are fresh.
3. Keep one warm contact per company.
4. Never negotiate from zero options.
5. Options are the whole leverage.

Add this quarter's wins to your resume.

#career #selfimprovement"
GG-261031-LI,2026-10-31,08:00,ET,Sat,LinkedIn,ESCAPE VELOCITY,,T76,Single image (1080x1080),no,"Update your resume while you are happy, not desperate.",,01_card.png,content_backlog/linkedin/GG-261031-LI,"The most capable people I know don't run on willpower. They design defaults.

Update your resume while you are happy, not desperate.

• Refresh it every quarter.
• Log wins while they are fresh.
• Keep one warm contact per company.
• Never negotiate from zero options.
• Options are the whole leverage.

Systems beat motivation because they only ask you to decide once.

#career #success #selfimprovement"
GG-261031-YT,2026-10-31,15:00,ET,Sat,YouTube Shorts,ESCAPE VELOCITY,,T76,Shorts · vertical MP4 (1080x1920),yes,"Update your resume while you are happy, not desperate.",Keep Your Resume Updated #shorts,video.mp4,content_backlog/youtube/GG-261031-YT,"Keep Your Resume Updated

Build the options before you need them.

1. Refresh it every quarter.
2. Log wins while they are fresh.
3. Keep one warm contact per company.
4. Never negotiate from zero options.
5. Options are the whole leverage.

Follow @gogettrdaily for more.

#career #success #entrepreneur #selfimprovement #shorts"
GG-261031-TT,2026-10-31,19:00,ET,Sat,TikTok,ESCAPE VELOCITY,,T76,Single image (1080x1920),no,"Update your resume while you are happy, not desperate.",,01_frame.png,content_backlog/tiktok/GG-261031-TT,"Update your resume while you are happy, not desperate. Add this quarter's wins to your resume.

Save it for the next time you need it.

#careertok #careeradvice #worktok #personalfinancetips #budgetingtips"
GG-261031-PIN,2026-10-31,20:00,ET,Sat,Pinterest,ESCAPE VELOCITY,Money & Personal Finance,T76,Video Pin · vertical MP4 (1080x1920),yes,"Update your resume while you are happy, not desperate.",Keep Your Resume Updated,video.mp4,content_backlog/pinterest/GG-261031-PIN,"Keep Your Resume Updated — the quick breakdown. Update your resume while you are happy, not desperate. Leverage comes from options you built in advance. Save this pin for the next time you need it."
GG-261101-IG,2026-11-01,08:00,ET,Sun,Instagram (+Facebook link),SOCIAL CAPITAL,,T77,Reel · vertical MP4 (1080x1920),yes,A mentor talks to you. A sponsor talks about you.,,video.mp4,content_backlog/instagram/GG-261101-IG,"Advice is nice. Advocacy is what moves you.

Name one person who could sponsor you.

Watch to the end, save it, then follow @gogettrdaily for a new system every day.

#career #success #entrepreneur #motivation #selfimprovement"
GG-261101-FB,2026-11-01,09:00,ET,Sun,Facebook,SOCIAL CAPITAL,,T77,Single image (1080x1350),no,A mentor talks to you. A sponsor talks about you.,,01_card.png,content_backlog/facebook/GG-261101-FB,"A mentor talks to you. A sponsor talks about you.

Advice is nice. Advocacy is what moves you.

→ Mentors teach you in the room.
→ Sponsors push for you outside it.
→ You need at least one of each.
→ Earn a sponsor with visible wins.
→ Advocacy beats advice for reach.

Which one would move your month the most? Tell me below. (Save the post so it is there when you need it.)

#career #selfimprovement"
GG-261101-X,2026-11-01,09:00,ET,Sun,X / Twitter,SOCIAL CAPITAL,,T77,Text + image card (1600x900),no,A mentor talks to you. A sponsor talks about you.,,01_card.png,content_backlog/x/GG-261101-X,"A mentor talks to you. A sponsor talks about you.

1. Mentors teach you in the room.
2. Sponsors push for you outside it.
3. You need at least one of each.
4. Earn a sponsor with visible wins.
5. Advocacy beats advice for reach.

Name one person who could sponsor you.

#career #selfimprovement"
GG-261101-LI,2026-11-01,08:00,ET,Sun,LinkedIn,SOCIAL CAPITAL,,T77,Single image (1080x1080),no,A mentor talks to you. A sponsor talks about you.,,01_card.png,content_backlog/linkedin/GG-261101-LI,"The most capable people I know don't run on willpower. They design defaults.

A mentor talks to you. A sponsor talks about you.

• Mentors teach you in the room.
• Sponsors push for you outside it.
• You need at least one of each.
• Earn a sponsor with visible wins.
• Advocacy beats advice for reach.

Systems beat motivation because they only ask you to decide once.

#career #success #selfimprovement"
GG-261101-YT,2026-11-01,15:00,ET,Sun,YouTube Shorts,SOCIAL CAPITAL,,T77,Shorts · vertical MP4 (1080x1920),yes,A mentor talks to you. A sponsor talks about you.,Mentor Versus Sponsor #shorts,video.mp4,content_backlog/youtube/GG-261101-YT,"Mentor Versus Sponsor

A sponsor speaks when you are not there.

1. Mentors teach you in the room.
2. Sponsors push for you outside it.
3. You need at least one of each.
4. Earn a sponsor with visible wins.
5. Advocacy beats advice for reach.

Follow @gogettrdaily for more.

#career #success #entrepreneur #selfimprovement #shorts"
GG-261101-TT,2026-11-01,19:00,ET,Sun,TikTok,SOCIAL CAPITAL,,T77,Vertical MP4 · motion (1080x1920),yes,A mentor talks to you. A sponsor talks about you.,,video.mp4,content_backlog/tiktok/GG-261101-TT,"A mentor talks to you. A sponsor talks about you.

Name one person who could sponsor you. Send it to someone who needs it.

#careeradvice #worktok #careergrowth #communicationskills #charismatips"
GG-261101-PIN,2026-11-01,20:00,ET,Sun,Pinterest,SOCIAL CAPITAL,Career Growth & Success,T77,Pin 1000x1500,no,A mentor talks to you. A sponsor talks about you.,Mentor Versus Sponsor,01_pin.png,content_backlog/pinterest/GG-261101-PIN,"Mentor Versus Sponsor. A mentor talks to you. A sponsor talks about you. Advice is nice. Advocacy is what moves you. Save this pin for later, and follow @gogettrdaily for more."
GG-261102-IG,2026-11-02,08:00,ET,Mon,Instagram (+Facebook link),RECOVERY PROTOCOL,,T78,Carousel · 8 slides (1080x1350),no,You do not need the perfect program. You need to show up.,,01_cover.png,content_backlog/instagram/GG-261102-IG,"The workout you repeat beats the one you skip.

→ Two sessions a week is the floor.
→ Twenty minutes still counts.
→ Same days, no debate.
→ Progress the weight, not the plan.
→ Consistency out-lifts intensity.

Swipe through, save it for later, and send it to someone who needs it. Follow @gogettrdaily for a new system every day.

#fitness #health #motivation #gym #selfimprovement"
GG-261102-FB,2026-11-02,09:00,ET,Mon,Facebook,RECOVERY PROTOCOL,,T78,Single image (1080x1350),no,You do not need the perfect program. You need to show up.,,01_card.png,content_backlog/facebook/GG-261102-FB,"You do not need the perfect program. You need to show up.

The workout you repeat beats the one you skip.

→ Two sessions a week is the floor.
→ Twenty minutes still counts.
→ Same days, no debate.
→ Progress the weight, not the plan.
→ Consistency out-lifts intensity.

Which one would move your month the most? Tell me below. (Save the post so it is there when you need it.)

#fitness #selfimprovement"
GG-261102-X,2026-11-02,09:00,ET,Mon,X / Twitter,RECOVERY PROTOCOL,,T78,Text + image card (1600x900),no,You do not need the perfect program. You need to show up.,,01_card.png,content_backlog/x/GG-261102-X,"You do not need the perfect program. You need to show up.

1. Two sessions a week is the floor.
2. Twenty minutes still counts.
3. Same days, no debate.
4. Progress the weight, not the plan.
5. Consistency out-lifts intensity.

Book two sessions on the calendar now.

#fitness #selfimprovement"
GG-261102-LI,2026-11-02,08:00,ET,Mon,LinkedIn,RECOVERY PROTOCOL,,T78,Single image (1080x1080),no,You do not need the perfect program. You need to show up.,,01_card.png,content_backlog/linkedin/GG-261102-LI,"The most capable people I know don't run on willpower. They design defaults.

You do not need the perfect program. You need to show up.

• Two sessions a week is the floor.
• Twenty minutes still counts.
• Same days, no debate.
• Progress the weight, not the plan.
• Consistency out-lifts intensity.

Systems beat motivation because they only ask you to decide once.

#fitness #health #selfimprovement"
GG-261102-YT,2026-11-02,15:00,ET,Mon,YouTube Shorts,RECOVERY PROTOCOL,,T78,Shorts · vertical MP4 (1080x1920),yes,You do not need the perfect program. You need to show up.,Minimum Effective Workout #shorts,video.mp4,content_backlog/youtube/GG-261102-YT,"Minimum Effective Workout

The workout you repeat beats the ideal one.

1. Two sessions a week is the floor.
2. Twenty minutes still counts.
3. Same days, no debate.
4. Progress the weight, not the plan.
5. Consistency out-lifts intensity.

Follow @gogettrdaily for more.

#fitness #health #motivation #selfimprovement #shorts"
GG-261102-TT,2026-11-02,19:00,ET,Mon,TikTok,RECOVERY PROTOCOL,,T78,Photo carousel · 4 stills (1080x1920),no,You do not need the perfect program. You need to show up.,,01_frame.png,content_backlog/tiktok/GG-261102-TT,"You do not need the perfect program. You need to show up.

Swipe through. Book two sessions on the calendar now. Drop your number below.

#workoutmotivation #trainingsplit #gymtok #systemsthinking #atomichabits"
GG-261102-PIN,2026-11-02,20:00,ET,Mon,Pinterest,RECOVERY PROTOCOL,Fitness & Healthy Habits,T78,Carousel Pin · 3 cards (1000x1500),no,You do not need the perfect program. You need to show up.,Minimum Effective Workout,01_pin.png,content_backlog/pinterest/GG-261102-PIN,Minimum Effective Workout: swipe through all 3 cards. You do not need the perfect program. You need to show up. The workout you repeat beats the one you skip. Save this pin and follow for systems that actually stick.
GG-261103-IG,2026-11-03,08:00,ET,Tue,Instagram (+Facebook link),RECOVERY PROTOCOL,,T79,Reel · vertical MP4 (1080x1920),yes,The most underrated fitness tool is a pair of shoes.,,video.mp4,content_backlog/instagram/GG-261103-IG,"Walking is the base every other workout sits on.

Set a step floor and hit it today.

Watch to the end, save it, then follow @gogettrdaily for a new system every day.

#fitness #health #motivation #gym #selfimprovement"
GG-261103-FB,2026-11-03,09:00,ET,Tue,Facebook,RECOVERY PROTOCOL,,T79,Single image (1080x1350),no,The most underrated fitness tool is a pair of shoes.,,01_card.png,content_backlog/facebook/GG-261103-FB,"The most underrated fitness tool is a pair of shoes.

Walking is the base every other workout sits on.

→ Aim for ten thousand most days.
→ Walk the calls you can.
→ Park far, take the stairs.
→ One walk after the biggest meal.
→ Movement is the cheapest medicine.

Which one would move your month the most? Tell me below. (Save the post so it is there when you need it.)

#fitness #selfimprovement"
GG-261103-X,2026-11-03,09:00,ET,Tue,X / Twitter,RECOVERY PROTOCOL,,T79,Text + image card (1600x900),no,The most underrated fitness tool is a pair of shoes.,,01_card.png,content_backlog/x/GG-261103-X,"The most underrated fitness tool is a pair of shoes.

1. Aim for ten thousand most days.
2. Walk the calls you can.
3. Park far, take the stairs.
4. One walk after the biggest meal.
5. Movement is the cheapest medicine.

Set a step floor and hit it today.

#fitness #selfimprovement"
GG-261103-LI,2026-11-03,08:00,ET,Tue,LinkedIn,RECOVERY PROTOCOL,,T79,Single image (1080x1080),no,The most underrated fitness tool is a pair of shoes.,,01_card.png,content_backlog/linkedin/GG-261103-LI,"The most capable people I know don't run on willpower. They design defaults.

The most underrated fitness tool is a pair of shoes.

• Aim for ten thousand most days.
• Walk the calls you can.
• Park far, take the stairs.
• One walk after the biggest meal.
• Movement is the cheapest medicine.

Systems beat motivation because they only ask you to decide once.

#fitness #health #selfimprovement"
GG-261103-YT,2026-11-03,15:00,ET,Tue,YouTube Shorts,RECOVERY PROTOCOL,,T79,Shorts · vertical MP4 (1080x1920),yes,The most underrated fitness tool is a pair of shoes.,10000 Steps A Day #shorts,video.mp4,content_backlog/youtube/GG-261103-YT,"10000 Steps A Day

Movement is the cheapest medicine.

1. Aim for ten thousand most days.
2. Walk the calls you can.
3. Park far, take the stairs.
4. One walk after the biggest meal.
5. Movement is the cheapest medicine.

Follow @gogettrdaily for more.

#fitness #health #motivation #selfimprovement #shorts"
GG-261103-TT,2026-11-03,19:00,ET,Tue,TikTok,RECOVERY PROTOCOL,,T79,Vertical MP4 · motion (1080x1920),yes,The most underrated fitness tool is a pair of shoes.,,video.mp4,content_backlog/tiktok/GG-261103-TT,"The most underrated fitness tool is a pair of shoes.

Set a step floor and hit it today. Tell me the one you'll skip.

#trainingsplit #gymtok #fitnessroutine #wellnesstok #selfcareroutine"
GG-261103-PIN,2026-11-03,20:00,ET,Tue,Pinterest,RECOVERY PROTOCOL,Fitness & Healthy Habits,T79,Pin 1000x1500,no,The most underrated fitness tool is a pair of shoes.,10000 Steps A Day,01_pin.png,content_backlog/pinterest/GG-261103-PIN,"10000 Steps A Day. The most underrated fitness tool is a pair of shoes. Walking is the base every other workout sits on. Save this pin for later, and follow @gogettrdaily for more."
GG-261104-IG,2026-11-04,08:00,ET,Wed,Instagram (+Facebook link),RECOVERY PROTOCOL,,T80,Reel · vertical MP4 (1080x1920),yes,You are not under-training. You are under-eating protein.,,video.mp4,content_backlog/instagram/GG-261104-IG,"Hit the number and recovery stops being a mystery.

Add protein to your next meal.

Watch to the end, save it, then follow @gogettrdaily for a new system every day.

#fitness #health #motivation #gym #selfimprovement"
GG-261104-FB,2026-11-04,09:00,ET,Wed,Facebook,RECOVERY PROTOCOL,,T80,Single image (1080x1350),no,You are not under-training. You are under-eating protein.,,01_card.png,content_backlog/facebook/GG-261104-FB,"You are not under-training. You are under-eating protein.

Hit the number and recovery stops being a mystery.

→ Anchor protein to every meal.
→ A palm-sized portion, minimum.
→ Front-load it at breakfast.
→ Keep a default high-protein snack.
→ Hit the floor before the extras.

Which one would move your month the most? Tell me below. (Save the post so it is there when you need it.)

#fitness #selfimprovement"
GG-261104-X,2026-11-04,09:00,ET,Wed,X / Twitter,RECOVERY PROTOCOL,,T80,Text + image card (1600x900),no,You are not under-training. You are under-eating protein.,,01_card.png,content_backlog/x/GG-261104-X,"You are not under-training. You are under-eating protein.

1. Anchor protein to every meal.
2. A palm-sized portion, minimum.
3. Front-load it at breakfast.
4. Keep a default high-protein snack.
5. Hit the floor before the extras.

Add protein to your next meal.

#fitness #selfimprovement"
GG-261104-LI,2026-11-04,08:00,ET,Wed,LinkedIn,RECOVERY PROTOCOL,,T80,Single image (1080x1080),no,You are not under-training. You are under-eating protein.,,01_card.png,content_backlog/linkedin/GG-261104-LI,"The most capable people I know don't run on willpower. They design defaults.

You are not under-training. You are under-eating protein.

• Anchor protein to every meal.
• A palm-sized portion, minimum.
• Front-load it at breakfast.
• Keep a default high-protein snack.
• Hit the floor before the extras.

Systems beat motivation because they only ask you to decide once.

#fitness #health #selfimprovement"
GG-261104-YT,2026-11-04,15:00,ET,Wed,YouTube Shorts,RECOVERY PROTOCOL,,T80,Shorts · vertical MP4 (1080x1920),yes,You are not under-training. You are under-eating protein.,How Much Protein To Eat #shorts,video.mp4,content_backlog/youtube/GG-261104-YT,"How Much Protein To Eat

Recovery starts on your plate.

1. Anchor protein to every meal.
2. A palm-sized portion, minimum.
3. Front-load it at breakfast.
4. Keep a default high-protein snack.
5. Hit the floor before the extras.

Follow @gogettrdaily for more.

#fitness #health #motivation #selfimprovement #shorts"
GG-261104-TT,2026-11-04,19:00,ET,Wed,TikTok,RECOVERY PROTOCOL,,T80,Single image (1080x1920),no,You are not under-training. You are under-eating protein.,,01_frame.png,content_backlog/tiktok/GG-261104-TT,"You are not under-training. You are under-eating protein. Add protein to your next meal.

Save it, and follow for the next one.

#gymtok #fitnessroutine #workoutmotivation #selfcareroutine #burnoutrecovery"
GG-261104-PIN,2026-11-04,20:00,ET,Wed,Pinterest,RECOVERY PROTOCOL,Fitness & Healthy Habits,T80,Video Pin · vertical MP4 (1080x1920),yes,You are not under-training. You are under-eating protein.,How Much Protein To Eat,video.mp4,content_backlog/pinterest/GG-261104-PIN,How Much Protein To Eat — the quick breakdown. You are not under-training. You are under-eating protein. Hit the number and recovery stops being a mystery. Save this pin for the next time you need it.
GG-261105-IG,2026-11-05,08:00,ET,Thu,Instagram (+Facebook link),RECOVERY PROTOCOL,,T81,Carousel · 7 slides (1080x1350),no,"Your bad night started at 3pm, with a coffee you forgot.",,01_cover.png,content_backlog/instagram/GG-261105-IG,"Sleep is built during the day, not just at night.

→ No caffeine after early afternoon.
→ Sunlight in the first hour up.
→ Same wind-down every night.
→ Screens down before the pillow.
→ Protect the night from the day.

Swipe through, save it for later, and send it to someone who needs it. Follow @gogettrdaily for a new system every day.

#health #wellness #selfcare #mindset #selfimprovement"
GG-261105-FB,2026-11-05,09:00,ET,Thu,Facebook,RECOVERY PROTOCOL,,T81,Single image (1080x1350),no,"Your bad night started at 3pm, with a coffee you forgot.",,01_card.png,content_backlog/facebook/GG-261105-FB,"Your bad night started at 3pm, with a coffee you forgot.

Sleep is built during the day, not just at night.

→ No caffeine after early afternoon.
→ Sunlight in the first hour up.
→ Same wind-down every night.
→ Screens down before the pillow.
→ Protect the night from the day.

Which one would move your month the most? Tell me below. (Save the post so it is there when you need it.)

#health #selfimprovement"
GG-261105-X,2026-11-05,09:00,ET,Thu,X / Twitter,RECOVERY PROTOCOL,,T81,Text + image card (1600x900),no,"Your bad night started at 3pm, with a coffee you forgot.",,01_card.png,content_backlog/x/GG-261105-X,"Your bad night started at 3pm, with a coffee you forgot.

1. No caffeine after early afternoon.
2. Sunlight in the first hour up.
3. Same wind-down every night.
4. Screens down before the pillow.
5. Protect the night from the day.

Set your caffeine cutoff time today.

#health #selfimprovement"
GG-261105-LI,2026-11-05,08:00,ET,Thu,LinkedIn,RECOVERY PROTOCOL,,T81,Single image (1080x1080),no,"Your bad night started at 3pm, with a coffee you forgot.",,01_card.png,content_backlog/linkedin/GG-261105-LI,"The most capable people I know don't run on willpower. They design defaults.

Your bad night started at 3pm, with a coffee you forgot.

• No caffeine after early afternoon.
• Sunlight in the first hour up.
• Same wind-down every night.
• Screens down before the pillow.
• Protect the night from the day.

Systems beat motivation because they only ask you to decide once.

#health #wellness #selfimprovement"
GG-261105-YT,2026-11-05,15:00,ET,Thu,YouTube Shorts,RECOVERY PROTOCOL,,T81,Shorts · vertical MP4 (1080x1920),yes,"Your bad night started at 3pm, with a coffee you forgot.",Caffeine Cutoff For Sleep #shorts,video.mp4,content_backlog/youtube/GG-261105-YT,"Caffeine Cutoff For Sleep

Good sleep is a daytime decision.

1. No caffeine after early afternoon.
2. Sunlight in the first hour up.
3. Same wind-down every night.
4. Screens down before the pillow.
5. Protect the night from the day.

Follow @gogettrdaily for more.

#health #wellness #selfcare #selfimprovement #shorts"
GG-261105-TT,2026-11-05,19:00,ET,Thu,TikTok,RECOVERY PROTOCOL,,T81,Photo carousel · 4 stills (1080x1920),no,"Your bad night started at 3pm, with a coffee you forgot.",,01_frame.png,content_backlog/tiktok/GG-261105-TT,"Your bad night started at 3pm, with a coffee you forgot.

Swipe. Set your caffeine cutoff time today. Comment the step you'll run first.

#selfcareroutine #burnoutrecovery #restday #workoutmotivation #trainingsplit"
GG-261105-PIN,2026-11-05,20:00,ET,Thu,Pinterest,RECOVERY PROTOCOL,Fitness & Healthy Habits,T81,Pin 1000x1500,no,"Your bad night started at 3pm, with a coffee you forgot.",Caffeine Cutoff For Sleep,01_pin.png,content_backlog/pinterest/GG-261105-PIN,"Caffeine Cutoff For Sleep. Your bad night started at 3pm, with a coffee you forgot. Sleep is built during the day, not just at night. Save this pin for later, and follow @gogettrdaily for more."
GG-261106-IG,2026-11-06,08:00,ET,Fri,Instagram (+Facebook link),RECOVERY PROTOCOL,,T82,Reel · vertical MP4 (1080x1920),yes,Rest is not the reward for the work. It is part of it.,,video.mp4,content_backlog/instagram/GG-261106-IG,"Planned easy weeks are why hard weeks keep working.

Put your next easy week on the calendar.

Watch to the end, save it, then follow @gogettrdaily for a new system every day.

#health #wellness #selfcare #mindset #selfimprovement"
GG-261106-FB,2026-11-06,09:00,ET,Fri,Facebook,RECOVERY PROTOCOL,,T82,Single image (1080x1350),no,Rest is not the reward for the work. It is part of it.,,01_card.png,content_backlog/facebook/GG-261106-FB,"Rest is not the reward for the work. It is part of it.

Planned easy weeks are why hard weeks keep working.

→ Schedule an easy week every fourth.
→ Cut volume, keep the habit.
→ Sleep like it is the training.
→ Come back stronger, not fried.
→ You grow on the recovery, not the grind.

Which one would move your month the most? Tell me below. (Save the post so it is there when you need it.)

#health #selfimprovement"
GG-261106-X,2026-11-06,09:00,ET,Fri,X / Twitter,RECOVERY PROTOCOL,,T82,Text + image card (1600x900),no,Rest is not the reward for the work. It is part of it.,,01_card.png,content_backlog/x/GG-261106-X,"Rest is not the reward for the work. It is part of it.

1. Schedule an easy week every fourth.
2. Cut volume, keep the habit.
3. Sleep like it is the training.
4. Come back stronger, not fried.
5. You grow on the recovery, not the grind.

Put your next easy week on the calendar.

#health #selfimprovement"
GG-261106-LI,2026-11-06,08:00,ET,Fri,LinkedIn,RECOVERY PROTOCOL,,T82,Single image (1080x1080),no,Rest is not the reward for the work. It is part of it.,,01_card.png,content_backlog/linkedin/GG-261106-LI,"The most capable people I know don't run on willpower. They design defaults.

Rest is not the reward for the work. It is part of it.

• Schedule an easy week every fourth.
• Cut volume, keep the habit.
• Sleep like it is the training.
• Come back stronger, not fried.
• You grow on the recovery, not the grind.

Systems beat motivation because they only ask you to decide once.

#health #wellness #selfimprovement"
GG-261106-YT,2026-11-06,15:00,ET,Fri,YouTube Shorts,RECOVERY PROTOCOL,,T82,Shorts · vertical MP4 (1080x1920),yes,Rest is not the reward for the work. It is part of it.,What Is A Deload Week #shorts,video.mp4,content_backlog/youtube/GG-261106-YT,"What Is A Deload Week

You grow on the recovery, not the grind.

1. Schedule an easy week every fourth.
2. Cut volume, keep the habit.
3. Sleep like it is the training.
4. Come back stronger, not fried.
5. You grow on the recovery, not the grind.

Follow @gogettrdaily for more.

#health #wellness #selfcare #selfimprovement #shorts"
GG-261106-TT,2026-11-06,19:00,ET,Fri,TikTok,RECOVERY PROTOCOL,,T82,Vertical MP4 · motion (1080x1920),yes,Rest is not the reward for the work. It is part of it.,,video.mp4,content_backlog/tiktok/GG-261106-TT,"Rest is not the reward for the work. It is part of it.

Save this, then run it. Put your next easy week on the calendar.

#burnoutrecovery #restday #wellnesstok #trainingsplit #gymtok"
GG-261106-PIN,2026-11-06,20:00,ET,Fri,Pinterest,RECOVERY PROTOCOL,Fitness & Healthy Habits,T82,Carousel Pin · 3 cards (1000x1500),no,Rest is not the reward for the work. It is part of it.,What Is A Deload Week,01_pin.png,content_backlog/pinterest/GG-261106-PIN,What Is A Deload Week: swipe through all 3 cards. Rest is not the reward for the work. It is part of it. Planned easy weeks are why hard weeks keep working. Save this pin and follow for systems that actually stick.
GG-261107-IG,2026-11-07,08:00,ET,Sat,Instagram (+Facebook link),RECOVERY PROTOCOL,,T83,Reel · vertical MP4 (1080x1920),yes,Sitting still for eight hours undoes one good workout.,,video.mp4,content_backlog/instagram/GG-261107-IG,"Scatter tiny movement through the day, not just the gym.

Set an hourly stand-up reminder.

Watch to the end, save it, then follow @gogettrdaily for a new system every day.

#fitness #health #motivation #gym #selfimprovement"
GG-261107-FB,2026-11-07,09:00,ET,Sat,Facebook,RECOVERY PROTOCOL,,T83,Single image (1080x1350),no,Sitting still for eight hours undoes one good workout.,,01_card.png,content_backlog/facebook/GG-261107-FB,"Sitting still for eight hours undoes one good workout.

Scatter tiny movement through the day, not just the gym.

→ Stand and move every hour.
→ Ten squats between meetings.
→ Walk while the kettle boils.
→ Take the stairs by default.
→ Small movement, all day long.

Which one would move your month the most? Tell me below. (Save the post so it is there when you need it.)

#fitness #selfimprovement"
GG-261107-X,2026-11-07,09:00,ET,Sat,X / Twitter,RECOVERY PROTOCOL,,T83,Text + image card (1600x900),no,Sitting still for eight hours undoes one good workout.,,01_card.png,content_backlog/x/GG-261107-X,"Sitting still for eight hours undoes one good workout.

1. Stand and move every hour.
2. Ten squats between meetings.
3. Walk while the kettle boils.
4. Take the stairs by default.
5. Small movement, all day long.

Set an hourly stand-up reminder.

#fitness #selfimprovement"
GG-261107-LI,2026-11-07,08:00,ET,Sat,LinkedIn,RECOVERY PROTOCOL,,T83,Single image (1080x1080),no,Sitting still for eight hours undoes one good workout.,,01_card.png,content_backlog/linkedin/GG-261107-LI,"The most capable people I know don't run on willpower. They design defaults.

Sitting still for eight hours undoes one good workout.

• Stand and move every hour.
• Ten squats between meetings.
• Walk while the kettle boils.
• Take the stairs by default.
• Small movement, all day long.

Systems beat motivation because they only ask you to decide once.

#fitness #health #selfimprovement"
GG-261107-YT,2026-11-07,15:00,ET,Sat,YouTube Shorts,RECOVERY PROTOCOL,,T83,Shorts · vertical MP4 (1080x1920),yes,Sitting still for eight hours undoes one good workout.,Movement Breaks At Work #shorts,video.mp4,content_backlog/youtube/GG-261107-YT,"Movement Breaks At Work

One workout cannot undo a still day.

1. Stand and move every hour.
2. Ten squats between meetings.
3. Walk while the kettle boils.
4. Take the stairs by default.
5. Small movement, all day long.

Follow @gogettrdaily for more.

#fitness #health #motivation #selfimprovement #shorts"
GG-261107-TT,2026-11-07,19:00,ET,Sat,TikTok,RECOVERY PROTOCOL,,T83,Photo carousel · 4 stills (1080x1920),no,Sitting still for eight hours undoes one good workout.,,01_frame.png,content_backlog/tiktok/GG-261107-TT,"Sitting still for eight hours undoes one good workout.

Swipe. Which one are you skipping? Be honest.

#trainingsplit #gymtok #fitnessroutine #wellnesstok #selfcareroutine"
GG-261107-PIN,2026-11-07,20:00,ET,Sat,Pinterest,RECOVERY PROTOCOL,Fitness & Healthy Habits,T83,Pin 1000x1500,no,Sitting still for eight hours undoes one good workout.,Movement Breaks At Work,01_pin.png,content_backlog/pinterest/GG-261107-PIN,"Movement Breaks At Work. Sitting still for eight hours undoes one good workout. Scatter tiny movement through the day, not just the gym. Save this pin for later, and follow @gogettrdaily for more."
GG-261108-IG,2026-11-08,08:00,ET,Sun,Instagram (+Facebook link),SOCIAL CAPITAL,,T84,Carousel · 8 slides (1080x1350),no,"Your next opportunity lives in the outer ring, not the inner.",,01_cover.png,content_backlog/instagram/GG-261108-IG,"Close friends know what you know. Acquaintances do not.

→ Your inner circle shares your info.
→ Weak ties reach new rooms.
→ Message one every week.
→ No ask, just a real hello.
→ New doors sit past the inner ring.

Swipe through, save it for later, and send it to someone who needs it. Follow @gogettrdaily for a new system every day.

#confidence #communication #success #relationships #selfimprovement"
GG-261108-FB,2026-11-08,09:00,ET,Sun,Facebook,SOCIAL CAPITAL,,T84,Single image (1080x1350),no,"Your next opportunity lives in the outer ring, not the inner.",,01_card.png,content_backlog/facebook/GG-261108-FB,"Your next opportunity lives in the outer ring, not the inner.

Close friends know what you know. Acquaintances do not.

→ Your inner circle shares your info.
→ Weak ties reach new rooms.
→ Message one every week.
→ No ask, just a real hello.
→ New doors sit past the inner ring.

Which one would move your month the most? Tell me below. (Save the post so it is there when you need it.)

#confidence #selfimprovement"
GG-261108-X,2026-11-08,09:00,ET,Sun,X / Twitter,SOCIAL CAPITAL,,T84,Text + image card (1600x900),no,"Your next opportunity lives in the outer ring, not the inner.",,01_card.png,content_backlog/x/GG-261108-X,"Your next opportunity lives in the outer ring, not the inner.

1. Your inner circle shares your info.
2. Weak ties reach new rooms.
3. Message one every week.
4. No ask, just a real hello.
5. New doors sit past the inner ring.

Message one weak tie this week.

#confidence #selfimprovement"
GG-261108-LI,2026-11-08,08:00,ET,Sun,LinkedIn,SOCIAL CAPITAL,,T84,Single image (1080x1080),no,"Your next opportunity lives in the outer ring, not the inner.",,01_card.png,content_backlog/linkedin/GG-261108-LI,"The most capable people I know don't run on willpower. They design defaults.

Your next opportunity lives in the outer ring, not the inner.

• Your inner circle shares your info.
• Weak ties reach new rooms.
• Message one every week.
• No ask, just a real hello.
• New doors sit past the inner ring.

Systems beat motivation because they only ask you to decide once.

#confidence #communication #selfimprovement"
GG-261108-YT,2026-11-08,15:00,ET,Sun,YouTube Shorts,SOCIAL CAPITAL,,T84,Shorts · vertical MP4 (1080x1920),yes,"Your next opportunity lives in the outer ring, not the inner.",Power Of Weak Ties #shorts,video.mp4,content_backlog/youtube/GG-261108-YT,"Power Of Weak Ties

Opportunity hides in your outer ring.

1. Your inner circle shares your info.
2. Weak ties reach new rooms.
3. Message one every week.
4. No ask, just a real hello.
5. New doors sit past the inner ring.

Follow @gogettrdaily for more.

#confidence #communication #success #selfimprovement #shorts"
GG-261108-TT,2026-11-08,19:00,ET,Sun,TikTok,SOCIAL CAPITAL,,T84,Vertical MP4 · motion (1080x1920),yes,"Your next opportunity lives in the outer ring, not the inner.",,video.mp4,content_backlog/tiktok/GG-261108-TT,"Your next opportunity lives in the outer ring, not the inner.

Message one weak tie this week. Follow for the next system.

#confidencetips #socialskills #communicationskills #careeradvice #worktok"
GG-261108-PIN,2026-11-08,20:00,ET,Sun,Pinterest,SOCIAL CAPITAL,Career Growth & Success,T84,Video Pin · vertical MP4 (1080x1920),yes,"Your next opportunity lives in the outer ring, not the inner.",Power Of Weak Ties,video.mp4,content_backlog/pinterest/GG-261108-PIN,"Power Of Weak Ties — the quick breakdown. Your next opportunity lives in the outer ring, not the inner. Close friends know what you know. Acquaintances do not. Save this pin for the next time you need it."
GG-261109-IG,2026-11-09,08:00,ET,Mon,Instagram (+Facebook link),SOCIAL CAPITAL,,T85,Reel · vertical MP4 (1080x1920),yes,Relationships do not end in conflict. They fade in silence.,,video.mp4,content_backlog/instagram/GG-261109-IG,"Connection is a habit, not a coincidence.

Text one person you keep meaning to.

Watch to the end, save it, then follow @gogettrdaily for a new system every day.

#confidence #communication #success #relationships #selfimprovement"
GG-261109-FB,2026-11-09,09:00,ET,Mon,Facebook,SOCIAL CAPITAL,,T85,Single image (1080x1350),no,Relationships do not end in conflict. They fade in silence.,,01_card.png,content_backlog/facebook/GG-261109-FB,"Relationships do not end in conflict. They fade in silence.

Connection is a habit, not a coincidence.

→ List the people who matter.
→ Reach five of them a month.
→ No occasion required.
→ Send what reminded you of them.
→ Consistency, not grand gestures.

Which one would move your month the most? Tell me below. (Save the post so it is there when you need it.)

#confidence #selfimprovement"
GG-261109-X,2026-11-09,09:00,ET,Mon,X / Twitter,SOCIAL CAPITAL,,T85,Text + image card (1600x900),no,Relationships do not end in conflict. They fade in silence.,,01_card.png,content_backlog/x/GG-261109-X,"Relationships do not end in conflict. They fade in silence.

1. List the people who matter.
2. Reach five of them a month.
3. No occasion required.
4. Send what reminded you of them.
5. Consistency, not grand gestures.

Text one person you keep meaning to.

#confidence #selfimprovement"
GG-261109-LI,2026-11-09,08:00,ET,Mon,LinkedIn,SOCIAL CAPITAL,,T85,Single image (1080x1080),no,Relationships do not end in conflict. They fade in silence.,,01_card.png,content_backlog/linkedin/GG-261109-LI,"The most capable people I know don't run on willpower. They design defaults.

Relationships do not end in conflict. They fade in silence.

• List the people who matter.
• Reach five of them a month.
• No occasion required.
• Send what reminded you of them.
• Consistency, not grand gestures.

Systems beat motivation because they only ask you to decide once.

#confidence #communication #selfimprovement"
GG-261109-YT,2026-11-09,15:00,ET,Mon,YouTube Shorts,SOCIAL CAPITAL,,T85,Shorts · vertical MP4 (1080x1920),yes,Relationships do not end in conflict. They fade in silence.,How To Stay In Touch #shorts,video.mp4,content_backlog/youtube/GG-261109-YT,"How To Stay In Touch

Connection is a habit, not luck.

1. List the people who matter.
2. Reach five of them a month.
3. No occasion required.
4. Send what reminded you of them.
5. Consistency, not grand gestures.

Follow @gogettrdaily for more.

#confidence #communication #success #selfimprovement #shorts"
GG-261109-TT,2026-11-09,19:00,ET,Mon,TikTok,SOCIAL CAPITAL,,T85,Single image (1080x1920),no,Relationships do not end in conflict. They fade in silence.,,01_frame.png,content_backlog/tiktok/GG-261109-TT,"Relationships do not end in conflict. They fade in silence. Text one person you keep meaning to.

Save it, and follow for the next one.

#socialskills #communicationskills #charismatips #growthmindset #stoicmindset"
GG-261109-PIN,2026-11-09,20:00,ET,Mon,Pinterest,SOCIAL CAPITAL,Confidence & Social Skills,T85,Pin 1000x1500,no,Relationships do not end in conflict. They fade in silence.,How To Stay In Touch,01_pin.png,content_backlog/pinterest/GG-261109-PIN,"How To Stay In Touch. Relationships do not end in conflict. They fade in silence. Connection is a habit, not a coincidence. Save this pin for later, and follow @gogettrdaily for more."
GG-261110-IG,2026-11-10,08:00,ET,Tue,Instagram (+Facebook link),SOCIAL CAPITAL,,T86,Reel · vertical MP4 (1080x1920),yes,Great job means nothing. Name the exact thing they did.,,video.mp4,content_backlog/instagram/GG-261110-IG,"Specific praise is remembered. Generic praise is noise.

Give one specific compliment today.

Watch to the end, save it, then follow @gogettrdaily for a new system every day.

#confidence #communication #success #relationships #selfimprovement"
GG-261110-FB,2026-11-10,09:00,ET,Tue,Facebook,SOCIAL CAPITAL,,T86,Single image (1080x1350),no,Great job means nothing. Name the exact thing they did.,,01_card.png,content_backlog/facebook/GG-261110-FB,"Great job means nothing. Name the exact thing they did.

Specific praise is remembered. Generic praise is noise.

→ Say what they did, precisely.
→ Say the effect it had.
→ Say it in front of others.
→ Skip the empty superlatives.
→ Detail is what makes praise land.

Which one would move your month the most? Tell me below. (Save the post so it is there when you need it.)

#confidence #selfimprovement"
GG-261110-X,2026-11-10,09:00,ET,Tue,X / Twitter,SOCIAL CAPITAL,,T86,Text + image card (1600x900),no,Great job means nothing. Name the exact thing they did.,,01_card.png,content_backlog/x/GG-261110-X,"Great job means nothing. Name the exact thing they did.

1. Say what they did, precisely.
2. Say the effect it had.
3. Say it in front of others.
4. Skip the empty superlatives.
5. Detail is what makes praise land.

Give one specific compliment today.

#confidence #selfimprovement"
GG-261110-LI,2026-11-10,08:00,ET,Tue,LinkedIn,SOCIAL CAPITAL,,T86,Single image (1080x1080),no,Great job means nothing. Name the exact thing they did.,,01_card.png,content_backlog/linkedin/GG-261110-LI,"The most capable people I know don't run on willpower. They design defaults.

Great job means nothing. Name the exact thing they did.

• Say what they did, precisely.
• Say the effect it had.
• Say it in front of others.
• Skip the empty superlatives.
• Detail is what makes praise land.

Systems beat motivation because they only ask you to decide once.

#confidence #communication #selfimprovement"
GG-261110-YT,2026-11-10,15:00,ET,Tue,YouTube Shorts,SOCIAL CAPITAL,,T86,Shorts · vertical MP4 (1080x1920),yes,Great job means nothing. Name the exact thing they did.,How To Give Genuine Praise #shorts,video.mp4,content_backlog/youtube/GG-261110-YT,"How To Give Genuine Praise

Detail is what makes praise land.

1. Say what they did, precisely.
2. Say the effect it had.
3. Say it in front of others.
4. Skip the empty superlatives.
5. Detail is what makes praise land.

Follow @gogettrdaily for more.

#confidence #communication #success #selfimprovement #shorts"
GG-261110-TT,2026-11-10,19:00,ET,Tue,TikTok,SOCIAL CAPITAL,,T86,Vertical MP4 · motion (1080x1920),yes,Great job means nothing. Name the exact thing they did.,,video.mp4,content_backlog/tiktok/GG-261110-TT,"Great job means nothing. Name the exact thing they did.

Save it now. Give one specific compliment today.

#communicationskills #charismatips #confidencetips #careergrowth #careertok"
GG-261110-PIN,2026-11-10,20:00,ET,Tue,Pinterest,SOCIAL CAPITAL,Career Growth & Success,T86,Carousel Pin · 3 cards (1000x1500),no,Great job means nothing. Name the exact thing they did.,How To Give Genuine Praise,01_pin.png,content_backlog/pinterest/GG-261110-PIN,How To Give Genuine Praise: swipe through all 3 cards. Great job means nothing. Name the exact thing they did. Specific praise is remembered. Generic praise is noise. Save this pin and follow for systems that actually stick.
GG-261111-IG,2026-11-11,08:00,ET,Wed,Instagram (+Facebook link),SOCIAL CAPITAL,,T87,Carousel · 7 slides (1080x1350),no,Want a yes on a favor? Ask for advice instead.,,01_cover.png,content_backlog/instagram/GG-261111-IG,"People guard favors and give guidance freely.

→ Trade the big ask for a small one.
→ Ask how they would approach it.
→ Let them invest a little first.
→ Report back what you tried.
→ Advice opens a door a favor closes.

Swipe through, save it for later, and send it to someone who needs it. Follow @gogettrdaily for a new system every day.

#confidence #communication #success #relationships #selfimprovement"
GG-261111-FB,2026-11-11,09:00,ET,Wed,Facebook,SOCIAL CAPITAL,,T87,Single image (1080x1350),no,Want a yes on a favor? Ask for advice instead.,,01_card.png,content_backlog/facebook/GG-261111-FB,"Want a yes on a favor? Ask for advice instead.

People guard favors and give guidance freely.

→ Trade the big ask for a small one.
→ Ask how they would approach it.
→ Let them invest a little first.
→ Report back what you tried.
→ Advice opens a door a favor closes.

Which one would move your month the most? Tell me below. (Save the post so it is there when you need it.)

#confidence #selfimprovement"
GG-261111-X,2026-11-11,09:00,ET,Wed,X / Twitter,SOCIAL CAPITAL,,T87,Text + image card (1600x900),no,Want a yes on a favor? Ask for advice instead.,,01_card.png,content_backlog/x/GG-261111-X,"Want a yes on a favor? Ask for advice instead.

1. Trade the big ask for a small one.
2. Ask how they would approach it.
3. Let them invest a little first.
4. Report back what you tried.
5. Advice opens a door a favor closes.

Turn one favor into an advice ask.

#confidence #selfimprovement"
GG-261111-LI,2026-11-11,08:00,ET,Wed,LinkedIn,SOCIAL CAPITAL,,T87,Single image (1080x1080),no,Want a yes on a favor? Ask for advice instead.,,01_card.png,content_backlog/linkedin/GG-261111-LI,"The most capable people I know don't run on willpower. They design defaults.

Want a yes on a favor? Ask for advice instead.

• Trade the big ask for a small one.
• Ask how they would approach it.
• Let them invest a little first.
• Report back what you tried.
• Advice opens a door a favor closes.

Systems beat motivation because they only ask you to decide once.

#confidence #communication #selfimprovement"
GG-261111-YT,2026-11-11,15:00,ET,Wed,YouTube Shorts,SOCIAL CAPITAL,,T87,Shorts · vertical MP4 (1080x1920),yes,Want a yes on a favor? Ask for advice instead.,How To Ask For Help #shorts,video.mp4,content_backlog/youtube/GG-261111-YT,"How To Ask For Help

Ask for advice, not a favor.

1. Trade the big ask for a small one.
2. Ask how they would approach it.
3. Let them invest a little first.
4. Report back what you tried.
5. Advice opens a door a favor closes.

Follow @gogettrdaily for more.

#confidence #communication #success #selfimprovement #shorts"
GG-261111-TT,2026-11-11,19:00,ET,Wed,TikTok,SOCIAL CAPITAL,,T87,Photo carousel · 4 stills (1080x1920),no,Want a yes on a favor? Ask for advice instead.,,01_frame.png,content_backlog/tiktok/GG-261111-TT,"Want a yes on a favor? Ask for advice instead.

Swipe. Turn one favor into an advice ask. Comment the step you'll run first.

#charismatips #confidencetips #socialskills #careertok #careeradvice"
GG-261111-PIN,2026-11-11,20:00,ET,Wed,Pinterest,SOCIAL CAPITAL,Career Growth & Success,T87,Pin 1000x1500,no,Want a yes on a favor? Ask for advice instead.,How To Ask For Help,01_pin.png,content_backlog/pinterest/GG-261111-PIN,"How To Ask For Help. Want a yes on a favor? Ask for advice instead. People guard favors and give guidance freely. Save this pin for later, and follow @gogettrdaily for more."
GG-261112-IG,2026-11-12,08:00,ET,Thu,Instagram (+Facebook link),SOCIAL CAPITAL,,T88,Reel · vertical MP4 (1080x1920),yes,The most magnetic person in the room talks the least.,,video.mp4,content_backlog/instagram/GG-261112-IG,"You learn nothing while your own mouth is moving.

Ask one extra question in every talk.

Watch to the end, save it, then follow @gogettrdaily for a new system every day.

#confidence #communication #success #relationships #selfimprovement"
GG-261112-FB,2026-11-12,09:00,ET,Thu,Facebook,SOCIAL CAPITAL,,T88,Single image (1080x1350),no,The most magnetic person in the room talks the least.,,01_card.png,content_backlog/facebook/GG-261112-FB,"The most magnetic person in the room talks the least.

You learn nothing while your own mouth is moving.

→ Listen more than you speak.
→ Ask one more question first.
→ Let the silences breathe.
→ Repeat back what you heard.
→ Curiosity reads as charisma.

Which one would move your month the most? Tell me below. (Save the post so it is there when you need it.)

#confidence #selfimprovement"
GG-261112-X,2026-11-12,09:00,ET,Thu,X / Twitter,SOCIAL CAPITAL,,T88,Text + image card (1600x900),no,The most magnetic person in the room talks the least.,,01_card.png,content_backlog/x/GG-261112-X,"The most magnetic person in the room talks the least.

1. Listen more than you speak.
2. Ask one more question first.
3. Let the silences breathe.
4. Repeat back what you heard.
5. Curiosity reads as charisma.

Ask one extra question in every talk.

#confidence #selfimprovement"
GG-261112-LI,2026-11-12,08:00,ET,Thu,LinkedIn,SOCIAL CAPITAL,,T88,Single image (1080x1080),no,The most magnetic person in the room talks the least.,,01_card.png,content_backlog/linkedin/GG-261112-LI,"The most capable people I know don't run on willpower. They design defaults.

The most magnetic person in the room talks the least.

• Listen more than you speak.
• Ask one more question first.
• Let the silences breathe.
• Repeat back what you heard.
• Curiosity reads as charisma.

Systems beat motivation because they only ask you to decide once.

#confidence #communication #selfimprovement"
GG-261112-YT,2026-11-12,15:00,ET,Thu,YouTube Shorts,SOCIAL CAPITAL,,T88,Shorts · vertical MP4 (1080x1920),yes,The most magnetic person in the room talks the least.,How To Be A Better Listener #shorts,video.mp4,content_backlog/youtube/GG-261112-YT,"How To Be A Better Listener

Curiosity reads as charisma.

1. Listen more than you speak.
2. Ask one more question first.
3. Let the silences breathe.
4. Repeat back what you heard.
5. Curiosity reads as charisma.

Follow @gogettrdaily for more.

#confidence #communication #success #selfimprovement #shorts"
GG-261112-TT,2026-11-12,19:00,ET,Thu,TikTok,SOCIAL CAPITAL,,T88,Vertical MP4 · motion (1080x1920),yes,The most magnetic person in the room talks the least.,,video.mp4,content_backlog/tiktok/GG-261112-TT,"The most magnetic person in the room talks the least.

Bookmark this. Ask one extra question in every talk.

#confidencetips #socialskills #communicationskills #mentalstrength #growthmindset"
GG-261112-PIN,2026-11-12,20:00,ET,Thu,Pinterest,SOCIAL CAPITAL,Confidence & Social Skills,T88,Video Pin · vertical MP4 (1080x1920),yes,The most magnetic person in the room talks the least.,How To Be A Better Listener,video.mp4,content_backlog/pinterest/GG-261112-PIN,How To Be A Better Listener — the quick breakdown. The most magnetic person in the room talks the least. You learn nothing while your own mouth is moving. Save this pin for the next time you need it.
GG-261113-IG,2026-11-13,08:00,ET,Fri,Instagram (+Facebook link),SOCIAL CAPITAL,,T89,Reel · vertical MP4 (1080x1920),yes,You did not forget the name. You never really heard it.,,video.mp4,content_backlog/instagram/GG-261113-IG,"Attention at hello is the whole trick.

Repeat the next name you hear out loud.

Watch to the end, save it, then follow @gogettrdaily for a new system every day.

#confidence #communication #success #relationships #selfimprovement"
GG-261113-FB,2026-11-13,09:00,ET,Fri,Facebook,SOCIAL CAPITAL,,T89,Single image (1080x1350),no,You did not forget the name. You never really heard it.,,01_card.png,content_backlog/facebook/GG-261113-FB,"You did not forget the name. You never really heard it.

Attention at hello is the whole trick.

→ Say it back the moment you hear it.
→ Use it once in the first minute.
→ Link it to a face or a fact.
→ Ask again if you missed it.
→ People feel seen when you remember.

Which one would move your month the most? Tell me below. (Save the post so it is there when you need it.)

#confidence #selfimprovement"
GG-261113-X,2026-11-13,09:00,ET,Fri,X / Twitter,SOCIAL CAPITAL,,T89,Text + image card (1600x900),no,You did not forget the name. You never really heard it.,,01_card.png,content_backlog/x/GG-261113-X,"You did not forget the name. You never really heard it.

1. Say it back the moment you hear it.
2. Use it once in the first minute.
3. Link it to a face or a fact.
4. Ask again if you missed it.
5. People feel seen when you remember.

Repeat the next name you hear out loud.

#confidence #selfimprovement"
GG-261113-LI,2026-11-13,08:00,ET,Fri,LinkedIn,SOCIAL CAPITAL,,T89,Single image (1080x1080),no,You did not forget the name. You never really heard it.,,01_card.png,content_backlog/linkedin/GG-261113-LI,"The most capable people I know don't run on willpower. They design defaults.

You did not forget the name. You never really heard it.

• Say it back the moment you hear it.
• Use it once in the first minute.
• Link it to a face or a fact.
• Ask again if you missed it.
• People feel seen when you remember.

Systems beat motivation because they only ask you to decide once.

#confidence #communication #selfimprovement"
GG-261113-YT,2026-11-13,15:00,ET,Fri,YouTube Shorts,SOCIAL CAPITAL,,T89,Shorts · vertical MP4 (1080x1920),yes,You did not forget the name. You never really heard it.,How To Remember Names #shorts,video.mp4,content_backlog/youtube/GG-261113-YT,"How To Remember Names

People feel seen when you remember.

1. Say it back the moment you hear it.
2. Use it once in the first minute.
3. Link it to a face or a fact.
4. Ask again if you missed it.
5. People feel seen when you remember.

Follow @gogettrdaily for more.

#confidence #communication #success #selfimprovement #shorts"
GG-261113-TT,2026-11-13,19:00,ET,Fri,TikTok,SOCIAL CAPITAL,,T89,Single image (1080x1920),no,You did not forget the name. You never really heard it.,,01_frame.png,content_backlog/tiktok/GG-261113-TT,"You did not forget the name. You never really heard it. Repeat the next name you hear out loud.

Keep this on hand.

#socialskills #communicationskills #charismatips #growthmindset #stoicmindset"
GG-261113-PIN,2026-11-13,20:00,ET,Fri,Pinterest,SOCIAL CAPITAL,Confidence & Social Skills,T89,Pin 1000x1500,no,You did not forget the name. You never really heard it.,How To Remember Names,01_pin.png,content_backlog/pinterest/GG-261113-PIN,"How To Remember Names. You did not forget the name. You never really heard it. Attention at hello is the whole trick. Save this pin for later, and follow @gogettrdaily for more."
GG-261114-IG,2026-11-14,08:00,ET,Sat,Instagram (+Facebook link),HABIT ARCHITECTURE,,T90,Carousel · 8 slides (1080x1350),no,You do not have bad habits. You have an unclaimed identity.,,01_cover.png,content_backlog/instagram/GG-261114-IG,"Decide who you are and the habit stops needing willpower.

→ Name the person you want to be.
→ Ask what they do by default.
→ Do that one thing today.
→ Cast a vote with each rep.
→ Habits are identity, out loud.

Swipe through, save it for later, and send it to someone who needs it. Follow @gogettrdaily for a new system every day.

#mindset #motivation #discipline #success #selfimprovement"
GG-261114-FB,2026-11-14,09:00,ET,Sat,Facebook,HABIT ARCHITECTURE,,T90,Single image (1080x1350),no,You do not have bad habits. You have an unclaimed identity.,,01_card.png,content_backlog/facebook/GG-261114-FB,"You do not have bad habits. You have an unclaimed identity.

Decide who you are and the habit stops needing willpower.

→ Name the person you want to be.
→ Ask what they do by default.
→ Do that one thing today.
→ Cast a vote with each rep.
→ Habits are identity, out loud.

Which one would move your month the most? Tell me below. (Save the post so it is there when you need it.)

#mindset #selfimprovement"
GG-261114-X,2026-11-14,09:00,ET,Sat,X / Twitter,HABIT ARCHITECTURE,,T90,Text + image card (1600x900),no,You do not have bad habits. You have an unclaimed identity.,,01_card.png,content_backlog/x/GG-261114-X,"You do not have bad habits. You have an unclaimed identity.

1. Name the person you want to be.
2. Ask what they do by default.
3. Do that one thing today.
4. Cast a vote with each rep.
5. Habits are identity, out loud.

Finish: I am the kind of person who.

#mindset #selfimprovement"
GG-261114-LI,2026-11-14,08:00,ET,Sat,LinkedIn,HABIT ARCHITECTURE,,T90,Single image (1080x1080),no,You do not have bad habits. You have an unclaimed identity.,,01_card.png,content_backlog/linkedin/GG-261114-LI,"The most capable people I know don't run on willpower. They design defaults.

You do not have bad habits. You have an unclaimed identity.

• Name the person you want to be.
• Ask what they do by default.
• Do that one thing today.
• Cast a vote with each rep.
• Habits are identity, out loud.

Systems beat motivation because they only ask you to decide once.

#mindset #motivation #selfimprovement"
GG-261114-YT,2026-11-14,15:00,ET,Sat,YouTube Shorts,HABIT ARCHITECTURE,,T90,Shorts · vertical MP4 (1080x1920),yes,You do not have bad habits. You have an unclaimed identity.,Identity Based Habits #shorts,video.mp4,content_backlog/youtube/GG-261114-YT,"Identity Based Habits

Every action is a vote for a self.

1. Name the person you want to be.
2. Ask what they do by default.
3. Do that one thing today.
4. Cast a vote with each rep.
5. Habits are identity, out loud.

Follow @gogettrdaily for more.

#mindset #motivation #discipline #selfimprovement #shorts"
GG-261114-TT,2026-11-14,19:00,ET,Sat,TikTok,HABIT ARCHITECTURE,,T90,Photo carousel · 4 stills (1080x1920),no,You do not have bad habits. You have an unclaimed identity.,,01_frame.png,content_backlog/tiktok/GG-261114-TT,"You do not have bad habits. You have an unclaimed identity.

Swipe through. Finish: I am the kind of person who. Drop your number below.

#growthmindset #stoicmindset #mindsetshift #systemsthinking #atomichabits"
GG-261114-PIN,2026-11-14,20:00,ET,Sat,Pinterest,HABIT ARCHITECTURE,Self Improvement & Discipline,T90,Carousel Pin · 3 cards (1000x1500),no,You do not have bad habits. You have an unclaimed identity.,Identity Based Habits,01_pin.png,content_backlog/pinterest/GG-261114-PIN,Identity Based Habits: swipe through all 3 cards. You do not have bad habits. You have an unclaimed identity. Decide who you are and the habit stops needing willpower. Save this pin and follow for systems that actually stick.
GG-261115-IG,2026-11-15,08:00,ET,Sun,Instagram (+Facebook link),HABIT ARCHITECTURE,,T91,Reel · vertical MP4 (1080x1920),yes,One missed day is a slip. Two is the start of a quit.,,video.mp4,content_backlog/instagram/GG-261115-IG,"The streak is not the point. The comeback is.

Pick the tiny version for off days.

Watch to the end, save it, then follow @gogettrdaily for a new system every day.

#mindset #motivation #discipline #success #selfimprovement"
GG-261115-FB,2026-11-15,09:00,ET,Sun,Facebook,HABIT ARCHITECTURE,,T91,Single image (1080x1350),no,One missed day is a slip. Two is the start of a quit.,,01_card.png,content_backlog/facebook/GG-261115-FB,"One missed day is a slip. Two is the start of a quit.

The streak is not the point. The comeback is.

→ Miss once without guilt.
→ Never let it become twice.
→ Half a rep still counts.
→ Show up small on the bad day.
→ Never miss two in a row.

Which one would move your month the most? Tell me below. (Save the post so it is there when you need it.)

#mindset #selfimprovement"
GG-261115-X,2026-11-15,09:00,ET,Sun,X / Twitter,HABIT ARCHITECTURE,,T91,Text + image card (1600x900),no,One missed day is a slip. Two is the start of a quit.,,01_card.png,content_backlog/x/GG-261115-X,"One missed day is a slip. Two is the start of a quit.

1. Miss once without guilt.
2. Never let it become twice.
3. Half a rep still counts.
4. Show up small on the bad day.
5. Never miss two in a row.

Pick the tiny version for off days.

#mindset #selfimprovement"
GG-261115-LI,2026-11-15,08:00,ET,Sun,LinkedIn,HABIT ARCHITECTURE,,T91,Single image (1080x1080),no,One missed day is a slip. Two is the start of a quit.,,01_card.png,content_backlog/linkedin/GG-261115-LI,"The most capable people I know don't run on willpower. They design defaults.

One missed day is a slip. Two is the start of a quit.

• Miss once without guilt.
• Never let it become twice.
• Half a rep still counts.
• Show up small on the bad day.
• Never miss two in a row.

Systems beat motivation because they only ask you to decide once.

#mindset #motivation #selfimprovement"
GG-261115-YT,2026-11-15,15:00,ET,Sun,YouTube Shorts,HABIT ARCHITECTURE,,T91,Shorts · vertical MP4 (1080x1920),yes,One missed day is a slip. Two is the start of a quit.,Never Miss Twice Rule #shorts,video.mp4,content_backlog/youtube/GG-261115-YT,"Never Miss Twice Rule

Never miss twice.

1. Miss once without guilt.
2. Never let it become twice.
3. Half a rep still counts.
4. Show up small on the bad day.
5. Never miss two in a row.

Follow @gogettrdaily for more.

#mindset #motivation #discipline #selfimprovement #shorts"
GG-261115-TT,2026-11-15,19:00,ET,Sun,TikTok,HABIT ARCHITECTURE,,T91,Vertical MP4 · motion (1080x1920),yes,One missed day is a slip. Two is the start of a quit.,,video.mp4,content_backlog/tiktok/GG-261115-TT,"One missed day is a slip. Two is the start of a quit.

Pick the tiny version for off days. Which one is you? Drop the number.

#stoicmindset #mindsetshift #mentalstrength #atomichabits #habitbuilding"
GG-261115-PIN,2026-11-15,20:00,ET,Sun,Pinterest,HABIT ARCHITECTURE,Self Improvement & Discipline,T91,Pin 1000x1500,no,One missed day is a slip. Two is the start of a quit.,Never Miss Twice Rule,01_pin.png,content_backlog/pinterest/GG-261115-PIN,"Never Miss Twice Rule. One missed day is a slip. Two is the start of a quit. The streak is not the point. The comeback is. Save this pin for later, and follow @gogettrdaily for more."
GG-261116-IG,2026-11-16,08:00,ET,Mon,Instagram (+Facebook link),HABIT ARCHITECTURE,,T92,Reel · vertical MP4 (1080x1920),yes,New habits fail alone. Bolt them to one you already keep.,,video.mp4,content_backlog/instagram/GG-261116-IG,"An old routine is the perfect trigger for a new one.

Stack one new habit onto a daily one.

Watch to the end, save it, then follow @gogettrdaily for a new system every day.

#productivity #habits #discipline #selfimprovement #motivation"
GG-261116-FB,2026-11-16,09:00,ET,Mon,Facebook,HABIT ARCHITECTURE,,T92,Single image (1080x1350),no,New habits fail alone. Bolt them to one you already keep.,,01_card.png,content_backlog/facebook/GG-261116-FB,"New habits fail alone. Bolt them to one you already keep.

An old routine is the perfect trigger for a new one.

→ Find a habit you never miss.
→ Attach the new one right after.
→ After coffee, I plan the day.
→ Keep the new rep tiny at first.
→ Let the old habit pull the new.

Which one would move your month the most? Tell me below. (Save the post so it is there when you need it.)

#productivity #selfimprovement"
GG-261116-X,2026-11-16,09:00,ET,Mon,X / Twitter,HABIT ARCHITECTURE,,T92,Text + image card (1600x900),no,New habits fail alone. Bolt them to one you already keep.,,01_card.png,content_backlog/x/GG-261116-X,"New habits fail alone. Bolt them to one you already keep.

1. Find a habit you never miss.
2. Attach the new one right after.
3. After coffee, I plan the day.
4. Keep the new rep tiny at first.
5. Let the old habit pull the new.

Stack one new habit onto a daily one.

#productivity #selfimprovement"
GG-261116-LI,2026-11-16,08:00,ET,Mon,LinkedIn,HABIT ARCHITECTURE,,T92,Single image (1080x1080),no,New habits fail alone. Bolt them to one you already keep.,,01_card.png,content_backlog/linkedin/GG-261116-LI,"The most capable people I know don't run on willpower. They design defaults.

New habits fail alone. Bolt them to one you already keep.

• Find a habit you never miss.
• Attach the new one right after.
• After coffee, I plan the day.
• Keep the new rep tiny at first.
• Let the old habit pull the new.

Systems beat motivation because they only ask you to decide once.

#productivity #habits #selfimprovement"
GG-261116-YT,2026-11-16,15:00,ET,Mon,YouTube Shorts,HABIT ARCHITECTURE,,T92,Shorts · vertical MP4 (1080x1920),yes,New habits fail alone. Bolt them to one you already keep.,Habit Stacking Examples #shorts,video.mp4,content_backlog/youtube/GG-261116-YT,"Habit Stacking Examples

Anchor the new to the automatic.

1. Find a habit you never miss.
2. Attach the new one right after.
3. After coffee, I plan the day.
4. Keep the new rep tiny at first.
5. Let the old habit pull the new.

Follow @gogettrdaily for more.

#productivity #habits #discipline #selfimprovement #shorts"
GG-261116-TT,2026-11-16,19:00,ET,Mon,TikTok,HABIT ARCHITECTURE,,T92,Photo carousel · 4 stills (1080x1920),no,New habits fail alone. Bolt them to one you already keep.,,01_frame.png,content_backlog/tiktok/GG-261116-TT,"New habits fail alone. Bolt them to one you already keep.

Swipe to the end, then save the one you need.

#atomichabits #habitbuilding #productivitysystem #mentalstrength #growthmindset"
GG-261116-PIN,2026-11-16,20:00,ET,Mon,Pinterest,HABIT ARCHITECTURE,Self Improvement & Discipline,T92,Video Pin · vertical MP4 (1080x1920),yes,New habits fail alone. Bolt them to one you already keep.,Habit Stacking Examples,video.mp4,content_backlog/pinterest/GG-261116-PIN,Habit Stacking Examples — the quick breakdown. New habits fail alone. Bolt them to one you already keep. An old routine is the perfect trigger for a new one. Save this pin for the next time you need it.
GG-261117-IG,2026-11-17,08:00,ET,Tue,Instagram (+Facebook link),ENVIRONMENT ENGINEERING,,T93,Carousel · 7 slides (1080x1350),no,You do not lack discipline. Your setup fights your goals.,,01_cover.png,content_backlog/instagram/GG-261117-IG,"The easy option usually wins, so rig the environment.

→ Put the good habit in your path.
→ Hide the friction that stops you.
→ Add steps to the thing you quit.
→ Let the room decide for you.
→ Willpower loses to layout.

Swipe through, save it for later, and send it to someone who needs it. Follow @gogettrdaily for a new system every day.

#minimalism #organization #productivity #declutter #selfimprovement"
GG-261117-FB,2026-11-17,09:00,ET,Tue,Facebook,ENVIRONMENT ENGINEERING,,T93,Single image (1080x1350),no,You do not lack discipline. Your setup fights your goals.,,01_card.png,content_backlog/facebook/GG-261117-FB,"You do not lack discipline. Your setup fights your goals.

The easy option usually wins, so rig the environment.

→ Put the good habit in your path.
→ Hide the friction that stops you.
→ Add steps to the thing you quit.
→ Let the room decide for you.
→ Willpower loses to layout.

Which one would move your month the most? Tell me below. (Save the post so it is there when you need it.)

#minimalism #selfimprovement"
GG-261117-X,2026-11-17,09:00,ET,Tue,X / Twitter,ENVIRONMENT ENGINEERING,,T93,Text + image card (1600x900),no,You do not lack discipline. Your setup fights your goals.,,01_card.png,content_backlog/x/GG-261117-X,"You do not lack discipline. Your setup fights your goals.

1. Put the good habit in your path.
2. Hide the friction that stops you.
3. Add steps to the thing you quit.
4. Let the room decide for you.
5. Willpower loses to layout.

Move one good habit into plain sight.

#minimalism #selfimprovement"
GG-261117-LI,2026-11-17,08:00,ET,Tue,LinkedIn,ENVIRONMENT ENGINEERING,,T93,Single image (1080x1080),no,You do not lack discipline. Your setup fights your goals.,,01_card.png,content_backlog/linkedin/GG-261117-LI,"The most capable people I know don't run on willpower. They design defaults.

You do not lack discipline. Your setup fights your goals.

• Put the good habit in your path.
• Hide the friction that stops you.
• Add steps to the thing you quit.
• Let the room decide for you.
• Willpower loses to layout.

Systems beat motivation because they only ask you to decide once.

#minimalism #organization #selfimprovement"
GG-261117-YT,2026-11-17,15:00,ET,Tue,YouTube Shorts,ENVIRONMENT ENGINEERING,,T93,Shorts · vertical MP4 (1080x1920),yes,You do not lack discipline. Your setup fights your goals.,Design Environment For Habits #shorts,video.mp4,content_backlog/youtube/GG-261117-YT,"Design Environment For Habits

Willpower loses to layout.

1. Put the good habit in your path.
2. Hide the friction that stops you.
3. Add steps to the thing you quit.
4. Let the room decide for you.
5. Willpower loses to layout.

Follow @gogettrdaily for more.

#minimalism #organization #productivity #selfimprovement #shorts"
GG-261117-TT,2026-11-17,19:00,ET,Tue,TikTok,ENVIRONMENT ENGINEERING,,T93,Vertical MP4 · motion (1080x1920),yes,You do not lack discipline. Your setup fights your goals.,,video.mp4,content_backlog/tiktok/GG-261117-TT,"You do not lack discipline. Your setup fights your goals.

Move one good habit into plain sight. Send it to someone who needs it.

#minimalisttok #organizationtips #slowliving #productivitysystem #systemsthinking"
GG-261117-PIN,2026-11-17,20:00,ET,Tue,Pinterest,ENVIRONMENT ENGINEERING,Home & Life Organization,T93,Pin 1000x1500,no,You do not lack discipline. Your setup fights your goals.,Design Environment For Habits,01_pin.png,content_backlog/pinterest/GG-261117-PIN,"Design Environment For Habits. You do not lack discipline. Your setup fights your goals. The easy option usually wins, so rig the environment. Save this pin for later, and follow @gogettrdaily for more."
GG-261118-IG,2026-11-18,08:00,ET,Wed,Instagram (+Facebook link),HABIT ARCHITECTURE,,T94,Reel · vertical MP4 (1080x1920),yes,Pair the thing you should do with the thing you want to.,,video.mp4,content_backlog/instagram/GG-261118-IG,"Borrow the pull of a treat for the task you avoid.

Bundle one treat to one hard task.

Watch to the end, save it, then follow @gogettrdaily for a new system every day.

#mindset #motivation #discipline #success #selfimprovement"
GG-261118-FB,2026-11-18,09:00,ET,Wed,Facebook,HABIT ARCHITECTURE,,T94,Single image (1080x1350),no,Pair the thing you should do with the thing you want to.,,01_card.png,content_backlog/facebook/GG-261118-FB,"Pair the thing you should do with the thing you want to.

Borrow the pull of a treat for the task you avoid.

→ Favorite show only on the treadmill.
→ The good coffee only while you plan.
→ Bundle the want to the should.
→ Let one carry the other.
→ Make the right move the fun one.

Which one would move your month the most? Tell me below. (Save the post so it is there when you need it.)

#mindset #selfimprovement"
GG-261118-X,2026-11-18,09:00,ET,Wed,X / Twitter,HABIT ARCHITECTURE,,T94,Text + image card (1600x900),no,Pair the thing you should do with the thing you want to.,,01_card.png,content_backlog/x/GG-261118-X,"Pair the thing you should do with the thing you want to.

1. Favorite show only on the treadmill.
2. The good coffee only while you plan.
3. Bundle the want to the should.
4. Let one carry the other.
5. Make the right move the fun one.

Bundle one treat to one hard task.

#mindset #selfimprovement"
GG-261118-LI,2026-11-18,08:00,ET,Wed,LinkedIn,HABIT ARCHITECTURE,,T94,Single image (1080x1080),no,Pair the thing you should do with the thing you want to.,,01_card.png,content_backlog/linkedin/GG-261118-LI,"The most capable people I know don't run on willpower. They design defaults.

Pair the thing you should do with the thing you want to.

• Favorite show only on the treadmill.
• The good coffee only while you plan.
• Bundle the want to the should.
• Let one carry the other.
• Make the right move the fun one.

Systems beat motivation because they only ask you to decide once.

#mindset #motivation #selfimprovement"
GG-261118-YT,2026-11-18,15:00,ET,Wed,YouTube Shorts,HABIT ARCHITECTURE,,T94,Shorts · vertical MP4 (1080x1920),yes,Pair the thing you should do with the thing you want to.,Temptation Bundling #shorts,video.mp4,content_backlog/youtube/GG-261118-YT,"Temptation Bundling

Bundle the want with the should.

1. Favorite show only on the treadmill.
2. The good coffee only while you plan.
3. Bundle the want to the should.
4. Let one carry the other.
5. Make the right move the fun one.

Follow @gogettrdaily for more.

#mindset #motivation #discipline #selfimprovement #shorts"
GG-261118-TT,2026-11-18,19:00,ET,Wed,TikTok,HABIT ARCHITECTURE,,T94,Single image (1080x1920),no,Pair the thing you should do with the thing you want to.,,01_frame.png,content_backlog/tiktok/GG-261118-TT,"Pair the thing you should do with the thing you want to. Bundle one treat to one hard task.

Keep this on hand.

#growthmindset #stoicmindset #mindsetshift #systemsthinking #atomichabits"
GG-261118-PIN,2026-11-18,20:00,ET,Wed,Pinterest,HABIT ARCHITECTURE,Self Improvement & Discipline,T94,Carousel Pin · 3 cards (1000x1500),no,Pair the thing you should do with the thing you want to.,Temptation Bundling,01_pin.png,content_backlog/pinterest/GG-261118-PIN,Temptation Bundling: swipe through all 3 cards. Pair the thing you should do with the thing you want to. Borrow the pull of a treat for the task you avoid. Save this pin and follow for systems that actually stick.
GG-261119-IG,2026-11-19,08:00,ET,Thu,Instagram (+Facebook link),THE COMEBACK,,T95,Reel · vertical MP4 (1080x1920),yes,You did not fail. You just have not restarted yet.,,video.mp4,content_backlog/instagram/GG-261119-IG,"The gap between slip and reset is all that matters.

Do one tiny rep to restart right now.

Watch to the end, save it, then follow @gogettrdaily for a new system every day.

#mindset #motivation #discipline #success #selfimprovement"
GG-261119-FB,2026-11-19,09:00,ET,Thu,Facebook,THE COMEBACK,,T95,Single image (1080x1350),no,You did not fail. You just have not restarted yet.,,01_card.png,content_backlog/facebook/GG-261119-FB,"You did not fail. You just have not restarted yet.

The gap between slip and reset is all that matters.

→ Skip the shame spiral.
→ Do the smallest possible rep.
→ Restart the same hour, not Monday.
→ One rep rebuilds the identity.
→ The comeback is the whole skill.

Which one would move your month the most? Tell me below. (Save the post so it is there when you need it.)

#mindset #selfimprovement"
GG-261119-X,2026-11-19,09:00,ET,Thu,X / Twitter,THE COMEBACK,,T95,Text + image card (1600x900),no,You did not fail. You just have not restarted yet.,,01_card.png,content_backlog/x/GG-261119-X,"You did not fail. You just have not restarted yet.

1. Skip the shame spiral.
2. Do the smallest possible rep.
3. Restart the same hour, not Monday.
4. One rep rebuilds the identity.
5. The comeback is the whole skill.

Do one tiny rep to restart right now.

#mindset #selfimprovement"
GG-261119-LI,2026-11-19,08:00,ET,Thu,LinkedIn,THE COMEBACK,,T95,Single image (1080x1080),no,You did not fail. You just have not restarted yet.,,01_card.png,content_backlog/linkedin/GG-261119-LI,"The most capable people I know don't run on willpower. They design defaults.

You did not fail. You just have not restarted yet.

• Skip the shame spiral.
• Do the smallest possible rep.
• Restart the same hour, not Monday.
• One rep rebuilds the identity.
• The comeback is the whole skill.

Systems beat motivation because they only ask you to decide once.

#mindset #motivation #selfimprovement"
GG-261119-YT,2026-11-19,15:00,ET,Thu,YouTube Shorts,THE COMEBACK,,T95,Shorts · vertical MP4 (1080x1920),yes,You did not fail. You just have not restarted yet.,How To Get Back On Track #shorts,video.mp4,content_backlog/youtube/GG-261119-YT,"How To Get Back On Track

The comeback is the whole skill.

1. Skip the shame spiral.
2. Do the smallest possible rep.
3. Restart the same hour, not Monday.
4. One rep rebuilds the identity.
5. The comeback is the whole skill.

Follow @gogettrdaily for more.

#mindset #motivation #discipline #selfimprovement #shorts"
GG-261119-TT,2026-11-19,19:00,ET,Thu,TikTok,THE COMEBACK,,T95,Vertical MP4 · motion (1080x1920),yes,You did not fail. You just have not restarted yet.,,video.mp4,content_backlog/tiktok/GG-261119-TT,"You did not fail. You just have not restarted yet.

Do one tiny rep to restart right now. Tell me the one you'll skip.

#stoicmindset #mindsetshift #mentalstrength #wellnesstok #selfcareroutine"
GG-261119-PIN,2026-11-19,20:00,ET,Thu,Pinterest,THE COMEBACK,Fitness & Healthy Habits,T95,Pin 1000x1500,no,You did not fail. You just have not restarted yet.,How To Get Back On Track,01_pin.png,content_backlog/pinterest/GG-261119-PIN,"How To Get Back On Track. You did not fail. You just have not restarted yet. The gap between slip and reset is all that matters. Save this pin for later, and follow @gogettrdaily for more."
GG-261120-IG,2026-11-20,08:00,ET,Fri,Instagram (+Facebook link),SYSTEM DESIGN,,T96,Carousel · 8 slides (1080x1350),no,You cannot control the scale. You can control the reps.,,01_cover.png,content_backlog/instagram/GG-261120-IG,"Chase the input you own, not the outcome you do not.

→ Weight is a lag measure.
→ Workouts are a lead measure.
→ Track what you control today.
→ Let outcomes trail the inputs.
→ Own the input, earn the result.

Swipe through, save it for later, and send it to someone who needs it. Follow @gogettrdaily for a new system every day.

#productivity #habits #discipline #selfimprovement #motivation"
GG-261120-FB,2026-11-20,09:00,ET,Fri,Facebook,SYSTEM DESIGN,,T96,Single image (1080x1350),no,You cannot control the scale. You can control the reps.,,01_card.png,content_backlog/facebook/GG-261120-FB,"You cannot control the scale. You can control the reps.

Chase the input you own, not the outcome you do not.

→ Weight is a lag measure.
→ Workouts are a lead measure.
→ Track what you control today.
→ Let outcomes trail the inputs.
→ Own the input, earn the result.

Which one would move your month the most? Tell me below. (Save the post so it is there when you need it.)

#productivity #selfimprovement"
GG-261120-X,2026-11-20,09:00,ET,Fri,X / Twitter,SYSTEM DESIGN,,T96,Text + image card (1600x900),no,You cannot control the scale. You can control the reps.,,01_card.png,content_backlog/x/GG-261120-X,"You cannot control the scale. You can control the reps.

1. Weight is a lag measure.
2. Workouts are a lead measure.
3. Track what you control today.
4. Let outcomes trail the inputs.
5. Own the input, earn the result.

Pick one input to track this week.

#productivity #selfimprovement"
GG-261120-LI,2026-11-20,08:00,ET,Fri,LinkedIn,SYSTEM DESIGN,,T96,Single image (1080x1080),no,You cannot control the scale. You can control the reps.,,01_card.png,content_backlog/linkedin/GG-261120-LI,"The most capable people I know don't run on willpower. They design defaults.

You cannot control the scale. You can control the reps.

• Weight is a lag measure.
• Workouts are a lead measure.
• Track what you control today.
• Let outcomes trail the inputs.
• Own the input, earn the result.

Systems beat motivation because they only ask you to decide once.

#productivity #habits #selfimprovement"
GG-261120-YT,2026-11-20,15:00,ET,Fri,YouTube Shorts,SYSTEM DESIGN,,T96,Shorts · vertical MP4 (1080x1920),yes,You cannot control the scale. You can control the reps.,Lead Versus Lag Measures #shorts,video.mp4,content_backlog/youtube/GG-261120-YT,"Lead Versus Lag Measures

Own the input, earn the result.

1. Weight is a lag measure.
2. Workouts are a lead measure.
3. Track what you control today.
4. Let outcomes trail the inputs.
5. Own the input, earn the result.

Follow @gogettrdaily for more.

#productivity #habits #discipline #selfimprovement #shorts"
GG-261120-TT,2026-11-20,19:00,ET,Fri,TikTok,SYSTEM DESIGN,,T96,Photo carousel · 5 stills (1080x1920),no,You cannot control the scale. You can control the reps.,,01_frame.png,content_backlog/tiktok/GG-261120-TT,"You cannot control the scale. You can control the reps.

Swipe through. Pick one input to track this week. Drop your number below.

#atomichabits #habitbuilding #productivitysystem #mentalstrength #growthmindset"
GG-261120-PIN,2026-11-20,20:00,ET,Fri,Pinterest,SYSTEM DESIGN,Self Improvement & Discipline,T96,Video Pin · vertical MP4 (1080x1920),yes,You cannot control the scale. You can control the reps.,Lead Versus Lag Measures,video.mp4,content_backlog/pinterest/GG-261120-PIN,"Lead Versus Lag Measures — the quick breakdown. You cannot control the scale. You can control the reps. Chase the input you own, not the outcome you do not. Save this pin for the next time you need it."
GG-261121-IG,2026-11-21,08:00,ET,Sat,Instagram (+Facebook link),ENVIRONMENT ENGINEERING,,T97,Reel · vertical MP4 (1080x1920),yes,Nothing new comes home until something old leaves.,,video.mp4,content_backlog/instagram/GG-261121-IG,"A closed loop is how clutter stops growing.

Remove one item for the next you buy.

Watch to the end, save it, then follow @gogettrdaily for a new system every day.

#minimalism #organization #productivity #declutter #selfimprovement"
GG-261121-FB,2026-11-21,09:00,ET,Sat,Facebook,ENVIRONMENT ENGINEERING,,T97,Single image (1080x1350),no,Nothing new comes home until something old leaves.,,01_card.png,content_backlog/facebook/GG-261121-FB,"Nothing new comes home until something old leaves.

A closed loop is how clutter stops growing.

→ Buy one shirt, retire one shirt.
→ New gadget, old gadget goes.
→ Keep the count flat on purpose.
→ Donate the leaver the same day.
→ Balance in, balance out.

Which one would move your month the most? Tell me below. (Save the post so it is there when you need it.)

#minimalism #selfimprovement"
GG-261121-X,2026-11-21,09:00,ET,Sat,X / Twitter,ENVIRONMENT ENGINEERING,,T97,Text + image card (1600x900),no,Nothing new comes home until something old leaves.,,01_card.png,content_backlog/x/GG-261121-X,"Nothing new comes home until something old leaves.

1. Buy one shirt, retire one shirt.
2. New gadget, old gadget goes.
3. Keep the count flat on purpose.
4. Donate the leaver the same day.
5. Balance in, balance out.

Remove one item for the next you buy.

#minimalism #selfimprovement"
GG-261121-LI,2026-11-21,08:00,ET,Sat,LinkedIn,ENVIRONMENT ENGINEERING,,T97,Single image (1080x1080),no,Nothing new comes home until something old leaves.,,01_card.png,content_backlog/linkedin/GG-261121-LI,"The most capable people I know don't run on willpower. They design defaults.

Nothing new comes home until something old leaves.

• Buy one shirt, retire one shirt.
• New gadget, old gadget goes.
• Keep the count flat on purpose.
• Donate the leaver the same day.
• Balance in, balance out.

Systems beat motivation because they only ask you to decide once.

#minimalism #organization #selfimprovement"
GG-261121-YT,2026-11-21,15:00,ET,Sat,YouTube Shorts,ENVIRONMENT ENGINEERING,,T97,Shorts · vertical MP4 (1080x1920),yes,Nothing new comes home until something old leaves.,One In One Out Rule #shorts,video.mp4,content_backlog/youtube/GG-261121-YT,"One In One Out Rule

One in, one out, on purpose.

1. Buy one shirt, retire one shirt.
2. New gadget, old gadget goes.
3. Keep the count flat on purpose.
4. Donate the leaver the same day.
5. Balance in, balance out.

Follow @gogettrdaily for more.

#minimalism #organization #productivity #selfimprovement #shorts"
GG-261121-TT,2026-11-21,19:00,ET,Sat,TikTok,ENVIRONMENT ENGINEERING,,T97,Vertical MP4 · motion (1080x1920),yes,Nothing new comes home until something old leaves.,,video.mp4,content_backlog/tiktok/GG-261121-TT,"Nothing new comes home until something old leaves.

Remove one item for the next you buy. Comment where you're starting.

#minimalisttok #organizationtips #slowliving #productivitysystem #systemsthinking"
GG-261121-PIN,2026-11-21,20:00,ET,Sat,Pinterest,ENVIRONMENT ENGINEERING,Home & Life Organization,T97,Pin 1000x1500,no,Nothing new comes home until something old leaves.,One In One Out Rule,01_pin.png,content_backlog/pinterest/GG-261121-PIN,"One In One Out Rule. Nothing new comes home until something old leaves. A closed loop is how clutter stops growing. Save this pin for later, and follow @gogettrdaily for more."
GG-261122-IG,2026-11-22,08:00,ET,Sun,Instagram (+Facebook link),ENVIRONMENT ENGINEERING,,T98,Reel · vertical MP4 (1080x1920),yes,You lose ten minutes each morning hunting for your stuff.,,video.mp4,content_backlog/instagram/GG-261122-IG,"One spot by the door ends the daily search.

Build a launch pad by your door today.

Watch to the end, save it, then follow @gogettrdaily for a new system every day.

#minimalism #organization #productivity #declutter #selfimprovement"
GG-261122-FB,2026-11-22,09:00,ET,Sun,Facebook,ENVIRONMENT ENGINEERING,,T98,Single image (1080x1350),no,You lose ten minutes each morning hunting for your stuff.,,01_card.png,content_backlog/facebook/GG-261122-FB,"You lose ten minutes each morning hunting for your stuff.

One spot by the door ends the daily search.

→ Keys, wallet, badge in one tray.
→ Bag packed and parked at night.
→ Charger lives at the launch pad.
→ Everything leaves from one place.
→ Set the exit up the night before.

Which one would move your month the most? Tell me below. (Save the post so it is there when you need it.)

#minimalism #selfimprovement"
GG-261122-X,2026-11-22,09:00,ET,Sun,X / Twitter,ENVIRONMENT ENGINEERING,,T98,Text + image card (1600x900),no,You lose ten minutes each morning hunting for your stuff.,,01_card.png,content_backlog/x/GG-261122-X,"You lose ten minutes each morning hunting for your stuff.

1. Keys, wallet, badge in one tray.
2. Bag packed and parked at night.
3. Charger lives at the launch pad.
4. Everything leaves from one place.
5. Set the exit up the night before.

Build a launch pad by your door today.

#minimalism #selfimprovement"
GG-261122-LI,2026-11-22,08:00,ET,Sun,LinkedIn,ENVIRONMENT ENGINEERING,,T98,Single image (1080x1080),no,You lose ten minutes each morning hunting for your stuff.,,01_card.png,content_backlog/linkedin/GG-261122-LI,"The most capable people I know don't run on willpower. They design defaults.

You lose ten minutes each morning hunting for your stuff.

• Keys, wallet, badge in one tray.
• Bag packed and parked at night.
• Charger lives at the launch pad.
• Everything leaves from one place.
• Set the exit up the night before.

Systems beat motivation because they only ask you to decide once.

#minimalism #organization #selfimprovement"
GG-261122-YT,2026-11-22,15:00,ET,Sun,YouTube Shorts,ENVIRONMENT ENGINEERING,,T98,Shorts · vertical MP4 (1080x1920),yes,You lose ten minutes each morning hunting for your stuff.,Entryway Organization #shorts,video.mp4,content_backlog/youtube/GG-261122-YT,"Entryway Organization

Pack the exit the night before.

1. Keys, wallet, badge in one tray.
2. Bag packed and parked at night.
3. Charger lives at the launch pad.
4. Everything leaves from one place.
5. Set the exit up the night before.

Follow @gogettrdaily for more.

#minimalism #organization #productivity #selfimprovement #shorts"
GG-261122-TT,2026-11-22,19:00,ET,Sun,TikTok,ENVIRONMENT ENGINEERING,,T98,Single image (1080x1920),no,You lose ten minutes each morning hunting for your stuff.,,01_frame.png,content_backlog/tiktok/GG-261122-TT,"You lose ten minutes each morning hunting for your stuff. Build a launch pad by your door today.

Save this where you'll see it tonight.

#organizationtips #slowliving #declutter #deepwork #timeblocking"
GG-261122-PIN,2026-11-22,20:00,ET,Sun,Pinterest,ENVIRONMENT ENGINEERING,Productivity & Time Management,T98,Carousel Pin · 3 cards (1000x1500),no,You lose ten minutes each morning hunting for your stuff.,Entryway Organization,01_pin.png,content_backlog/pinterest/GG-261122-PIN,Entryway Organization: swipe through all 3 cards. You lose ten minutes each morning hunting for your stuff. One spot by the door ends the daily search. Save this pin and follow for systems that actually stick.
GG-261123-IG,2026-11-23,08:00,ET,Mon,Instagram (+Facebook link),FRICTION FILE,,T99,Carousel · 7 slides (1080x1350),no,Your inbox is a to-do list other people keep writing.,,01_cover.png,content_backlog/instagram/GG-261123-IG,"Every email gets one decision, exactly once.

→ Do, delegate, defer, or delete.
→ Touch each message one time.
→ Unsubscribe instead of deleting again.
→ Archive the moment it is handled.
→ Decide once, not ten times.

Swipe through, save it for later, and send it to someone who needs it. Follow @gogettrdaily for a new system every day.

#minimalism #organization #productivity #declutter #selfimprovement"
GG-261123-FB,2026-11-23,09:00,ET,Mon,Facebook,FRICTION FILE,,T99,Single image (1080x1350),no,Your inbox is a to-do list other people keep writing.,,01_card.png,content_backlog/facebook/GG-261123-FB,"Your inbox is a to-do list other people keep writing.

Every email gets one decision, exactly once.

→ Do, delegate, defer, or delete.
→ Touch each message one time.
→ Unsubscribe instead of deleting again.
→ Archive the moment it is handled.
→ Decide once, not ten times.

Which one would move your month the most? Tell me below. (Save the post so it is there when you need it.)

#minimalism #selfimprovement"
GG-261123-X,2026-11-23,09:00,ET,Mon,X / Twitter,FRICTION FILE,,T99,Text + image card (1600x900),no,Your inbox is a to-do list other people keep writing.,,01_card.png,content_backlog/x/GG-261123-X,"Your inbox is a to-do list other people keep writing.

1. Do, delegate, defer, or delete.
2. Touch each message one time.
3. Unsubscribe instead of deleting again.
4. Archive the moment it is handled.
5. Decide once, not ten times.

Clear ten emails, one decision each.

#minimalism #selfimprovement"
GG-261123-LI,2026-11-23,08:00,ET,Mon,LinkedIn,FRICTION FILE,,T99,Single image (1080x1080),no,Your inbox is a to-do list other people keep writing.,,01_card.png,content_backlog/linkedin/GG-261123-LI,"The most capable people I know don't run on willpower. They design defaults.

Your inbox is a to-do list other people keep writing.

• Do, delegate, defer, or delete.
• Touch each message one time.
• Unsubscribe instead of deleting again.
• Archive the moment it is handled.
• Decide once, not ten times.

Systems beat motivation because they only ask you to decide once.

#minimalism #organization #selfimprovement"
GG-261123-YT,2026-11-23,15:00,ET,Mon,YouTube Shorts,FRICTION FILE,,T99,Shorts · vertical MP4 (1080x1920),yes,Your inbox is a to-do list other people keep writing.,How To Reach Inbox Zero #shorts,video.mp4,content_backlog/youtube/GG-261123-YT,"How To Reach Inbox Zero

Decide each email once, not ten times.

1. Do, delegate, defer, or delete.
2. Touch each message one time.
3. Unsubscribe instead of deleting again.
4. Archive the moment it is handled.
5. Decide once, not ten times.

Follow @gogettrdaily for more.

#minimalism #organization #productivity #selfimprovement #shorts"
GG-261123-TT,2026-11-23,19:00,ET,Mon,TikTok,FRICTION FILE,,T99,Photo carousel · 4 stills (1080x1920),no,Your inbox is a to-do list other people keep writing.,,01_frame.png,content_backlog/tiktok/GG-261123-TT,"Your inbox is a to-do list other people keep writing.

Swipe. Clear ten emails, one decision each. Comment the step you'll run first.

#slowliving #declutter #minimalisttok #timeblocking #productivitytok"
GG-261123-PIN,2026-11-23,20:00,ET,Mon,Pinterest,FRICTION FILE,Productivity & Time Management,T99,Pin 1000x1500,no,Your inbox is a to-do list other people keep writing.,How To Reach Inbox Zero,01_pin.png,content_backlog/pinterest/GG-261123-PIN,"How To Reach Inbox Zero. Your inbox is a to-do list other people keep writing. Every email gets one decision, exactly once. Save this pin for later, and follow @gogettrdaily for more."
GG-261124-IG,2026-11-24,08:00,ET,Tue,Instagram (+Facebook link),PURCHASE LAB,,T100,Reel · vertical MP4 (1080x1920),yes,Decision fatigue starts at your closet every morning.,,video.mp4,content_backlog/instagram/GG-261124-IG,"Fewer, better pieces that all work together.

Pull the ten pieces you always reach for.

Watch to the end, save it, then follow @gogettrdaily for a new system every day.

#minimalism #organization #productivity #declutter #selfimprovement"
GG-261124-FB,2026-11-24,09:00,ET,Tue,Facebook,PURCHASE LAB,,T100,Single image (1080x1350),no,Decision fatigue starts at your closet every morning.,,01_card.png,content_backlog/facebook/GG-261124-FB,"Decision fatigue starts at your closet every morning.

Fewer, better pieces that all work together.

→ Keep what you actually wear.
→ One palette, everything matches.
→ Fewer choices, sharper look.
→ Quality over a crowded rail.
→ Decide the wardrobe once.

Which one would move your month the most? Tell me below. (Save the post so it is there when you need it.)

#minimalism #selfimprovement"
GG-261124-X,2026-11-24,09:00,ET,Tue,X / Twitter,PURCHASE LAB,,T100,Text + image card (1600x900),no,Decision fatigue starts at your closet every morning.,,01_card.png,content_backlog/x/GG-261124-X,"Decision fatigue starts at your closet every morning.

1. Keep what you actually wear.
2. One palette, everything matches.
3. Fewer choices, sharper look.
4. Quality over a crowded rail.
5. Decide the wardrobe once.

Pull the ten pieces you always reach for.

#minimalism #selfimprovement"
GG-261124-LI,2026-11-24,08:00,ET,Tue,LinkedIn,PURCHASE LAB,,T100,Single image (1080x1080),no,Decision fatigue starts at your closet every morning.,,01_card.png,content_backlog/linkedin/GG-261124-LI,"The most capable people I know don't run on willpower. They design defaults.

Decision fatigue starts at your closet every morning.

• Keep what you actually wear.
• One palette, everything matches.
• Fewer choices, sharper look.
• Quality over a crowded rail.
• Decide the wardrobe once.

Systems beat motivation because they only ask you to decide once.

#minimalism #organization #selfimprovement"
GG-261124-YT,2026-11-24,15:00,ET,Tue,YouTube Shorts,PURCHASE LAB,,T100,Shorts · vertical MP4 (1080x1920),yes,Decision fatigue starts at your closet every morning.,Capsule Wardrobe Basics #shorts,video.mp4,content_backlog/youtube/GG-261124-YT,"Capsule Wardrobe Basics

Decide the wardrobe once, wear it daily.

1. Keep what you actually wear.
2. One palette, everything matches.
3. Fewer choices, sharper look.
4. Quality over a crowded rail.
5. Decide the wardrobe once.

Follow @gogettrdaily for more.

#minimalism #organization #productivity #selfimprovement #shorts"
GG-261124-TT,2026-11-24,19:00,ET,Tue,TikTok,PURCHASE LAB,,T100,Vertical MP4 · motion (1080x1920),yes,Decision fatigue starts at your closet every morning.,,video.mp4,content_backlog/tiktok/GG-261124-TT,"Decision fatigue starts at your closet every morning.

Pull the ten pieces you always reach for. Follow for the next system.

#declutter #minimalisttok #organizationtips #habitbuilding #productivitysystem"
GG-261124-PIN,2026-11-24,20:00,ET,Tue,Pinterest,PURCHASE LAB,Home & Life Organization,T100,Video Pin · vertical MP4 (1080x1920),yes,Decision fatigue starts at your closet every morning.,Capsule Wardrobe Basics,video.mp4,content_backlog/pinterest/GG-261124-PIN,"Capsule Wardrobe Basics — the quick breakdown. Decision fatigue starts at your closet every morning. Fewer, better pieces that all work together. Save this pin for the next time you need it."
GG-261125-IG,2026-11-25,08:00,ET,Wed,Instagram (+Facebook link),ENVIRONMENT ENGINEERING,,T101,Reel · vertical MP4 (1080x1920),yes,"Wake to a made scene, not to last night's mess.",,video.mp4,content_backlog/instagram/GG-261125-IG,"Ten minutes tonight buys a calm tomorrow.

Reset one surface before bed tonight.

Watch to the end, save it, then follow @gogettrdaily for a new system every day.

#minimalism #organization #productivity #declutter #selfimprovement"
GG-261125-FB,2026-11-25,09:00,ET,Wed,Facebook,ENVIRONMENT ENGINEERING,,T101,Single image (1080x1350),no,"Wake to a made scene, not to last night's mess.",,01_card.png,content_backlog/facebook/GG-261125-FB,"Wake to a made scene, not to last night's mess.

Ten minutes tonight buys a calm tomorrow.

→ Clear one main surface fully.
→ Start the dishwasher, not the pile.
→ Reset the room to zero.
→ Lay out tomorrow's first move.
→ Future-you inherits the calm.

Which one would move your month the most? Tell me below. (Save the post so it is there when you need it.)

#minimalism #selfimprovement"
GG-261125-X,2026-11-25,09:00,ET,Wed,X / Twitter,ENVIRONMENT ENGINEERING,,T101,Text + image card (1600x900),no,"Wake to a made scene, not to last night's mess.",,01_card.png,content_backlog/x/GG-261125-X,"Wake to a made scene, not to last night's mess.

1. Clear one main surface fully.
2. Start the dishwasher, not the pile.
3. Reset the room to zero.
4. Lay out tomorrow's first move.
5. Future-you inherits the calm.

Reset one surface before bed tonight.

#minimalism #selfimprovement"
GG-261125-LI,2026-11-25,08:00,ET,Wed,LinkedIn,ENVIRONMENT ENGINEERING,,T101,Single image (1080x1080),no,"Wake to a made scene, not to last night's mess.",,01_card.png,content_backlog/linkedin/GG-261125-LI,"The most capable people I know don't run on willpower. They design defaults.

Wake to a made scene, not to last night's mess.

• Clear one main surface fully.
• Start the dishwasher, not the pile.
• Reset the room to zero.
• Lay out tomorrow's first move.
• Future-you inherits the calm.

Systems beat motivation because they only ask you to decide once.

#minimalism #organization #selfimprovement"
GG-261125-YT,2026-11-25,15:00,ET,Wed,YouTube Shorts,ENVIRONMENT ENGINEERING,,T101,Shorts · vertical MP4 (1080x1920),yes,"Wake to a made scene, not to last night's mess.",Nightly Reset Routine #shorts,video.mp4,content_backlog/youtube/GG-261125-YT,"Nightly Reset Routine

Reset the room, gift the morning.

1. Clear one main surface fully.
2. Start the dishwasher, not the pile.
3. Reset the room to zero.
4. Lay out tomorrow's first move.
5. Future-you inherits the calm.

Follow @gogettrdaily for more.

#minimalism #organization #productivity #selfimprovement #shorts"
GG-261125-TT,2026-11-25,19:00,ET,Wed,TikTok,ENVIRONMENT ENGINEERING,,T101,Photo carousel · 5 stills (1080x1920),no,"Wake to a made scene, not to last night's mess.",,01_frame.png,content_backlog/tiktok/GG-261125-TT,"Wake to a made scene, not to last night's mess.

Swipe. Which one are you skipping? Be honest.

#minimalisttok #organizationtips #slowliving #burnoutrecovery #restday"
GG-261125-PIN,2026-11-25,20:00,ET,Wed,Pinterest,ENVIRONMENT ENGINEERING,Fitness & Healthy Habits,T101,Pin 1000x1500,no,"Wake to a made scene, not to last night's mess.",Nightly Reset Routine,01_pin.png,content_backlog/pinterest/GG-261125-PIN,"Nightly Reset Routine. Wake to a made scene, not to last night's mess. Ten minutes tonight buys a calm tomorrow. Save this pin for later, and follow @gogettrdaily for more."
GG-261126-IG,2026-11-26,08:00,ET,Thu,Instagram (+Facebook link),SYSTEM DESIGN,,T102,Carousel · 8 slides (1080x1350),no,Do not trust future-you. Remove the option to quit.,,01_cover.png,content_backlog/instagram/GG-261126-IG,"Lock the decision in while motivation is high.

→ Pay in advance, non-refundable.
→ Tell someone who will check.
→ Put a stake on the outcome.
→ Make quitting cost something.
→ Bind future-you to today's plan.

Swipe through, save it for later, and send it to someone who needs it. Follow @gogettrdaily for a new system every day.

#mindset #motivation #discipline #success #selfimprovement"
GG-261126-FB,2026-11-26,09:00,ET,Thu,Facebook,SYSTEM DESIGN,,T102,Single image (1080x1350),no,Do not trust future-you. Remove the option to quit.,,01_card.png,content_backlog/facebook/GG-261126-FB,"Do not trust future-you. Remove the option to quit.

Lock the decision in while motivation is high.

→ Pay in advance, non-refundable.
→ Tell someone who will check.
→ Put a stake on the outcome.
→ Make quitting cost something.
→ Bind future-you to today's plan.

Which one would move your month the most? Tell me below. (Save the post so it is there when you need it.)

#mindset #selfimprovement"
GG-261126-X,2026-11-26,09:00,ET,Thu,X / Twitter,SYSTEM DESIGN,,T102,Text + image card (1600x900),no,Do not trust future-you. Remove the option to quit.,,01_card.png,content_backlog/x/GG-261126-X,"Do not trust future-you. Remove the option to quit.

1. Pay in advance, non-refundable.
2. Tell someone who will check.
3. Put a stake on the outcome.
4. Make quitting cost something.
5. Bind future-you to today's plan.

Add one stake to a goal you keep dropping.

#mindset #selfimprovement"
GG-261126-LI,2026-11-26,08:00,ET,Thu,LinkedIn,SYSTEM DESIGN,,T102,Single image (1080x1080),no,Do not trust future-you. Remove the option to quit.,,01_card.png,content_backlog/linkedin/GG-261126-LI,"The most capable people I know don't run on willpower. They design defaults.

Do not trust future-you. Remove the option to quit.

• Pay in advance, non-refundable.
• Tell someone who will check.
• Put a stake on the outcome.
• Make quitting cost something.
• Bind future-you to today's plan.

Systems beat motivation because they only ask you to decide once.

#mindset #motivation #selfimprovement"
GG-261126-YT,2026-11-26,15:00,ET,Thu,YouTube Shorts,SYSTEM DESIGN,,T102,Shorts · vertical MP4 (1080x1920),yes,Do not trust future-you. Remove the option to quit.,Commitment Device Examples #shorts,video.mp4,content_backlog/youtube/GG-261126-YT,"Commitment Device Examples

Bind future-you to today's plan.

1. Pay in advance, non-refundable.
2. Tell someone who will check.
3. Put a stake on the outcome.
4. Make quitting cost something.
5. Bind future-you to today's plan.

Follow @gogettrdaily for more.

#mindset #motivation #discipline #selfimprovement #shorts"
GG-261126-TT,2026-11-26,19:00,ET,Thu,TikTok,SYSTEM DESIGN,,T102,Vertical MP4 · motion (1080x1920),yes,Do not trust future-you. Remove the option to quit.,,video.mp4,content_backlog/tiktok/GG-261126-TT,"Do not trust future-you. Remove the option to quit.

Save it now. Add one stake to a goal you keep dropping.

#growthmindset #stoicmindset #mindsetshift #systemsthinking #atomichabits"
GG-261126-PIN,2026-11-26,20:00,ET,Thu,Pinterest,SYSTEM DESIGN,Self Improvement & Discipline,T102,Carousel Pin · 3 cards (1000x1500),no,Do not trust future-you. Remove the option to quit.,Commitment Device Examples,01_pin.png,content_backlog/pinterest/GG-261126-PIN,Commitment Device Examples: swipe through all 3 cards. Do not trust future-you. Remove the option to quit. Lock the decision in while motivation is high. Save this pin and follow for systems that actually stick.
GG-261127-IG,2026-11-27,08:00,ET,Fri,Instagram (+Facebook link),DEEP WORK,,T103,Reel · vertical MP4 (1080x1920),yes,Multitasking is just switching costs you cannot see.,,video.mp4,content_backlog/instagram/GG-261127-IG,"Every switch taxes attention and leaves a residue.

Close every tab but the one that matters.

Watch to the end, save it, then follow @gogettrdaily for a new system every day.

#productivity #timemanagement #focus #success #selfimprovement"
GG-261127-FB,2026-11-27,09:00,ET,Fri,Facebook,DEEP WORK,,T103,Single image (1080x1350),no,Multitasking is just switching costs you cannot see.,,01_card.png,content_backlog/facebook/GG-261127-FB,"Multitasking is just switching costs you cannot see.

Every switch taxes attention and leaves a residue.

→ One tab, one task, one timer.
→ Close what you are not using.
→ Park stray thoughts on a pad.
→ Finish before you start the next.
→ Focus is a subtraction game.

Which one would move your month the most? Tell me below. (Save the post so it is there when you need it.)

#productivity #selfimprovement"
GG-261127-X,2026-11-27,09:00,ET,Fri,X / Twitter,DEEP WORK,,T103,Text + image card (1600x900),no,Multitasking is just switching costs you cannot see.,,01_card.png,content_backlog/x/GG-261127-X,"Multitasking is just switching costs you cannot see.

1. One tab, one task, one timer.
2. Close what you are not using.
3. Park stray thoughts on a pad.
4. Finish before you start the next.
5. Focus is a subtraction game.

Close every tab but the one that matters.

#productivity #selfimprovement"
GG-261127-LI,2026-11-27,08:00,ET,Fri,LinkedIn,DEEP WORK,,T103,Single image (1080x1080),no,Multitasking is just switching costs you cannot see.,,01_card.png,content_backlog/linkedin/GG-261127-LI,"The most capable people I know don't run on willpower. They design defaults.

Multitasking is just switching costs you cannot see.

• One tab, one task, one timer.
• Close what you are not using.
• Park stray thoughts on a pad.
• Finish before you start the next.
• Focus is a subtraction game.

Systems beat motivation because they only ask you to decide once.

#productivity #timemanagement #selfimprovement"
GG-261127-YT,2026-11-27,15:00,ET,Fri,YouTube Shorts,DEEP WORK,,T103,Shorts · vertical MP4 (1080x1920),yes,Multitasking is just switching costs you cannot see.,How To Stop Multitasking #shorts,video.mp4,content_backlog/youtube/GG-261127-YT,"How To Stop Multitasking

Focus is a subtraction game.

1. One tab, one task, one timer.
2. Close what you are not using.
3. Park stray thoughts on a pad.
4. Finish before you start the next.
5. Focus is a subtraction game.

Follow @gogettrdaily for more.

#productivity #timemanagement #focus #selfimprovement #shorts"
GG-261127-TT,2026-11-27,19:00,ET,Fri,TikTok,DEEP WORK,,T103,Single image (1080x1920),no,Multitasking is just switching costs you cannot see.,,01_frame.png,content_backlog/tiktok/GG-261127-TT,"Multitasking is just switching costs you cannot see. Close every tab but the one that matters.

Save this where you'll see it tonight.

#deepwork #timeblocking #productivitytok #atomichabits #habitbuilding"
GG-261127-PIN,2026-11-27,20:00,ET,Fri,Pinterest,DEEP WORK,Productivity & Time Management,T103,Pin 1000x1500,no,Multitasking is just switching costs you cannot see.,How To Stop Multitasking,01_pin.png,content_backlog/pinterest/GG-261127-PIN,"How To Stop Multitasking. Multitasking is just switching costs you cannot see. Every switch taxes attention and leaves a residue. Save this pin for later, and follow @gogettrdaily for more."
GG-261128-IG,2026-11-28,08:00,ET,Sat,Instagram (+Facebook link),MINI CHALLENGES,,T104,Reel · vertical MP4 (1080x1920),yes,Pick one habit. Do it 30 days. Ignore everything else.,,video.mp4,content_backlog/instagram/GG-261128-IG,"One habit installed beats five attempted.

Name your one habit and start today.

Watch to the end, save it, then follow @gogettrdaily for a new system every day.

#discipline #motivation #selfimprovement #habits #success"
GG-261128-FB,2026-11-28,09:00,ET,Sat,Facebook,MINI CHALLENGES,,T104,Single image (1080x1350),no,Pick one habit. Do it 30 days. Ignore everything else.,,01_card.png,content_backlog/facebook/GG-261128-FB,"Pick one habit. Do it 30 days. Ignore everything else.

One habit installed beats five attempted.

→ Choose the single keystone habit.
→ Same time, same trigger, daily.
→ Mark the calendar every night.
→ Miss a day, never miss two.
→ One habit, thirty days, no extras.

Which one would move your month the most? Tell me below. (Save the post so it is there when you need it.)

#discipline #selfimprovement"
GG-261128-X,2026-11-28,09:00,ET,Sat,X / Twitter,MINI CHALLENGES,,T104,Text + image card (1600x900),no,Pick one habit. Do it 30 days. Ignore everything else.,,01_card.png,content_backlog/x/GG-261128-X,"Pick one habit. Do it 30 days. Ignore everything else.

1. Choose the single keystone habit.
2. Same time, same trigger, daily.
3. Mark the calendar every night.
4. Miss a day, never miss two.
5. One habit, thirty days, no extras.

Name your one habit and start today.

#discipline #selfimprovement"
GG-261128-LI,2026-11-28,08:00,ET,Sat,LinkedIn,MINI CHALLENGES,,T104,Single image (1080x1080),no,Pick one habit. Do it 30 days. Ignore everything else.,,01_card.png,content_backlog/linkedin/GG-261128-LI,"The most capable people I know don't run on willpower. They design defaults.

Pick one habit. Do it 30 days. Ignore everything else.

• Choose the single keystone habit.
• Same time, same trigger, daily.
• Mark the calendar every night.
• Miss a day, never miss two.
• One habit, thirty days, no extras.

Systems beat motivation because they only ask you to decide once.

#discipline #motivation #selfimprovement"
GG-261128-YT,2026-11-28,15:00,ET,Sat,YouTube Shorts,MINI CHALLENGES,,T104,Shorts · vertical MP4 (1080x1920),yes,Pick one habit. Do it 30 days. Ignore everything else.,30 Day Habit Challenge #shorts,video.mp4,content_backlog/youtube/GG-261128-YT,"30 Day Habit Challenge

One habit installed beats five attempted.

1. Choose the single keystone habit.
2. Same time, same trigger, daily.
3. Mark the calendar every night.
4. Miss a day, never miss two.
5. One habit, thirty days, no extras.

Follow @gogettrdaily for more.

#discipline #motivation #selfimprovement #success #shorts"
GG-261128-TT,2026-11-28,19:00,ET,Sat,TikTok,MINI CHALLENGES,,T104,Vertical MP4 · motion (1080x1920),yes,Pick one habit. Do it 30 days. Ignore everything else.,,video.mp4,content_backlog/tiktok/GG-261128-TT,"Pick one habit. Do it 30 days. Ignore everything else.

Bookmark this. Name your one habit and start today.

#30daychallenge #disciplinechallenge #habitchallenge #habitbuilding #productivitysystem"
GG-261128-PIN,2026-11-28,20:00,ET,Sat,Pinterest,MINI CHALLENGES,Self Improvement & Discipline,T104,Video Pin · vertical MP4 (1080x1920),yes,Pick one habit. Do it 30 days. Ignore everything else.,30 Day Habit Challenge,video.mp4,content_backlog/pinterest/GG-261128-PIN,30 Day Habit Challenge — the quick breakdown. Pick one habit. Do it 30 days. Ignore everything else. One habit installed beats five attempted. Save this pin for the next time you need it.
GG-261129-IG,2026-11-29,08:00,ET,Sun,Instagram (+Facebook link),MINI CHALLENGES,,T105,Carousel · 7 slides (1080x1350),no,"For seven nights, the phone sleeps in another room.",,01_cover.png,content_backlog/instagram/GG-261129-IG,"It is your alarm and your worst bedtime habit.

→ Buy a three-dollar alarm clock.
→ Charge the phone outside the bedroom.
→ No scroll in bed or at wake.
→ Notice the deeper sleep by night three.
→ Keep whatever the week proves.

Swipe through, save it for later, and send it to someone who needs it. Follow @gogettrdaily for a new system every day.

#discipline #motivation #selfimprovement #habits #success"
GG-261129-FB,2026-11-29,09:00,ET,Sun,Facebook,MINI CHALLENGES,,T105,Single image (1080x1350),no,"For seven nights, the phone sleeps in another room.",,01_card.png,content_backlog/facebook/GG-261129-FB,"For seven nights, the phone sleeps in another room.

It is your alarm and your worst bedtime habit.

→ Buy a three-dollar alarm clock.
→ Charge the phone outside the bedroom.
→ No scroll in bed or at wake.
→ Notice the deeper sleep by night three.
→ Keep whatever the week proves.

Which one would move your month the most? Tell me below. (Save the post so it is there when you need it.)

#discipline #selfimprovement"
GG-261129-X,2026-11-29,09:00,ET,Sun,X / Twitter,MINI CHALLENGES,,T105,Text + image card (1600x900),no,"For seven nights, the phone sleeps in another room.",,01_card.png,content_backlog/x/GG-261129-X,"For seven nights, the phone sleeps in another room.

1. Buy a three-dollar alarm clock.
2. Charge the phone outside the bedroom.
3. No scroll in bed or at wake.
4. Notice the deeper sleep by night three.
5. Keep whatever the week proves.

Move the charger out of the bedroom tonight.

#discipline #selfimprovement"
GG-261129-LI,2026-11-29,08:00,ET,Sun,LinkedIn,MINI CHALLENGES,,T105,Single image (1080x1080),no,"For seven nights, the phone sleeps in another room.",,01_card.png,content_backlog/linkedin/GG-261129-LI,"The most capable people I know don't run on willpower. They design defaults.

For seven nights, the phone sleeps in another room.

• Buy a three-dollar alarm clock.
• Charge the phone outside the bedroom.
• No scroll in bed or at wake.
• Notice the deeper sleep by night three.
• Keep whatever the week proves.

Systems beat motivation because they only ask you to decide once.

#discipline #motivation #selfimprovement"
GG-261129-YT,2026-11-29,15:00,ET,Sun,YouTube Shorts,MINI CHALLENGES,,T105,Shorts · vertical MP4 (1080x1920),yes,"For seven nights, the phone sleeps in another room.",Phone Out Of Bedroom At Night #shorts,video.mp4,content_backlog/youtube/GG-261129-YT,"Phone Out Of Bedroom At Night

The phone is a terrible alarm clock.

1. Buy a three-dollar alarm clock.
2. Charge the phone outside the bedroom.
3. No scroll in bed or at wake.
4. Notice the deeper sleep by night three.
5. Keep whatever the week proves.

Follow @gogettrdaily for more.

#discipline #motivation #selfimprovement #success #shorts"
GG-261129-TT,2026-11-29,19:00,ET,Sun,TikTok,MINI CHALLENGES,,T105,Photo carousel · 4 stills (1080x1920),no,"For seven nights, the phone sleeps in another room.",,01_frame.png,content_backlog/tiktok/GG-261129-TT,"For seven nights, the phone sleeps in another room.

Swipe. Move the charger out of the bedroom tonight. Comment the step you'll run first.

#disciplinechallenge #habitchallenge #dailyhabits #burnoutrecovery #restday"
GG-261129-PIN,2026-11-29,20:00,ET,Sun,Pinterest,MINI CHALLENGES,Fitness & Healthy Habits,T105,Pin 1000x1500,no,"For seven nights, the phone sleeps in another room.",Phone Out Of Bedroom At Night,01_pin.png,content_backlog/pinterest/GG-261129-PIN,"Phone Out Of Bedroom At Night. For seven nights, the phone sleeps in another room. It is your alarm and your worst bedtime habit. Save this pin for later, and follow @gogettrdaily for more."
GG-261130-IG,2026-11-30,08:00,ET,Mon,Instagram (+Facebook link),MINI CHALLENGES,,T106,Reel · vertical MP4 (1080x1920),yes,"For five mornings, no feed until the first hour is yours.",,video.mp4,content_backlog/instagram/GG-261130-IG,"Whoever owns your first hour tends to own your day.

Guard tomorrow's first hour offline.

Watch to the end, save it, then follow @gogettrdaily for a new system every day.

#discipline #motivation #selfimprovement #habits #success"
GG-261130-FB,2026-11-30,09:00,ET,Mon,Facebook,MINI CHALLENGES,,T106,Single image (1080x1350),no,"For five mornings, no feed until the first hour is yours.",,01_card.png,content_backlog/facebook/GG-261130-FB,"For five mornings, no feed until the first hour is yours.

Whoever owns your first hour tends to own your day.

→ No feed before your feet hit the floor.
→ Water, light, one real task first.
→ Let the world wait sixty minutes.
→ Notice the calmer, clearer start.
→ Own the hour, own the day.

Which one would move your month the most? Tell me below. (Save the post so it is there when you need it.)

#discipline #selfimprovement"
GG-261130-X,2026-11-30,09:00,ET,Mon,X / Twitter,MINI CHALLENGES,,T106,Text + image card (1600x900),no,"For five mornings, no feed until the first hour is yours.",,01_card.png,content_backlog/x/GG-261130-X,"For five mornings, no feed until the first hour is yours.

1. No feed before your feet hit the floor.
2. Water, light, one real task first.
3. Let the world wait sixty minutes.
4. Notice the calmer, clearer start.
5. Own the hour, own the day.

Guard tomorrow's first hour offline.

#discipline #selfimprovement"
GG-261130-LI,2026-11-30,08:00,ET,Mon,LinkedIn,MINI CHALLENGES,,T106,Single image (1080x1080),no,"For five mornings, no feed until the first hour is yours.",,01_card.png,content_backlog/linkedin/GG-261130-LI,"The most capable people I know don't run on willpower. They design defaults.

For five mornings, no feed until the first hour is yours.

• No feed before your feet hit the floor.
• Water, light, one real task first.
• Let the world wait sixty minutes.
• Notice the calmer, clearer start.
• Own the hour, own the day.

Systems beat motivation because they only ask you to decide once.

#discipline #motivation #selfimprovement"
GG-261130-YT,2026-11-30,15:00,ET,Mon,YouTube Shorts,MINI CHALLENGES,,T106,Shorts · vertical MP4 (1080x1920),yes,"For five mornings, no feed until the first hour is yours.",No Phone First Hour #shorts,video.mp4,content_backlog/youtube/GG-261130-YT,"No Phone First Hour

Own the first hour, own the day.

1. No feed before your feet hit the floor.
2. Water, light, one real task first.
3. Let the world wait sixty minutes.
4. Notice the calmer, clearer start.
5. Own the hour, own the day.

Follow @gogettrdaily for more.

#discipline #motivation #selfimprovement #success #shorts"
GG-261130-TT,2026-11-30,19:00,ET,Mon,TikTok,MINI CHALLENGES,,T106,Vertical MP4 · motion (1080x1920),yes,"For five mornings, no feed until the first hour is yours.",,video.mp4,content_backlog/tiktok/GG-261130-TT,"For five mornings, no feed until the first hour is yours.

Save this, then run it. Guard tomorrow's first hour offline.

#habitchallenge #dailyhabits #30daychallenge #deepwork #timeblocking"
GG-261130-PIN,2026-11-30,20:00,ET,Mon,Pinterest,MINI CHALLENGES,Productivity & Time Management,T106,Carousel Pin · 3 cards (1000x1500),no,"For five mornings, no feed until the first hour is yours.",No Phone First Hour,01_pin.png,content_backlog/pinterest/GG-261130-PIN,"No Phone First Hour: swipe through all 3 cards. For five mornings, no feed until the first hour is yours. Whoever owns your first hour tends to own your day. Save this pin and follow for systems that actually stick."
GG-261201-IG,2026-12-01,08:00,ET,Tue,Instagram (+Facebook link),MINI CHALLENGES,,T107,Reel · vertical MP4 (1080x1920),yes,"For five days, walk ten minutes after every meal.",,video.mp4,content_backlog/instagram/GG-261201-IG,"A short walk does more than the number suggests.

Walk ten minutes after your next meal.

Watch to the end, save it, then follow @gogettrdaily for a new system every day.

#discipline #motivation #selfimprovement #habits #success"
GG-261201-FB,2026-12-01,09:00,ET,Tue,Facebook,MINI CHALLENGES,,T107,Single image (1080x1350),no,"For five days, walk ten minutes after every meal.",,01_card.png,content_backlog/facebook/GG-261201-FB,"For five days, walk ten minutes after every meal.

A short walk does more than the number suggests.

→ Ten minutes, right after eating.
→ No pace goal, just move.
→ Notice the steadier energy after.
→ Notice the easier evenings.
→ Let five days make the case.

Which one would move your month the most? Tell me below. (Save the post so it is there when you need it.)

#discipline #selfimprovement"
GG-261201-X,2026-12-01,09:00,ET,Tue,X / Twitter,MINI CHALLENGES,,T107,Text + image card (1600x900),no,"For five days, walk ten minutes after every meal.",,01_card.png,content_backlog/x/GG-261201-X,"For five days, walk ten minutes after every meal.

1. Ten minutes, right after eating.
2. No pace goal, just move.
3. Notice the steadier energy after.
4. Notice the easier evenings.
5. Let five days make the case.

Walk ten minutes after your next meal.

#discipline #selfimprovement"
GG-261201-LI,2026-12-01,08:00,ET,Tue,LinkedIn,MINI CHALLENGES,,T107,Single image (1080x1080),no,"For five days, walk ten minutes after every meal.",,01_card.png,content_backlog/linkedin/GG-261201-LI,"The most capable people I know don't run on willpower. They design defaults.

For five days, walk ten minutes after every meal.

• Ten minutes, right after eating.
• No pace goal, just move.
• Notice the steadier energy after.
• Notice the easier evenings.
• Let five days make the case.

Systems beat motivation because they only ask you to decide once.

#discipline #motivation #selfimprovement"
GG-261201-YT,2026-12-01,15:00,ET,Tue,YouTube Shorts,MINI CHALLENGES,,T107,Shorts · vertical MP4 (1080x1920),yes,"For five days, walk ten minutes after every meal.",Walk After Eating #shorts,video.mp4,content_backlog/youtube/GG-261201-YT,"Walk After Eating

Let the experiment make the case.

1. Ten minutes, right after eating.
2. No pace goal, just move.
3. Notice the steadier energy after.
4. Notice the easier evenings.
5. Let five days make the case.

Follow @gogettrdaily for more.

#discipline #motivation #selfimprovement #success #shorts"
GG-261201-TT,2026-12-01,19:00,ET,Tue,TikTok,MINI CHALLENGES,,T107,Single image (1080x1920),no,"For five days, walk ten minutes after every meal.",,01_frame.png,content_backlog/tiktok/GG-261201-TT,"For five days, walk ten minutes after every meal. Walk ten minutes after your next meal.

Screenshot this one.

#dailyhabits #30daychallenge #disciplinechallenge #gymtok #fitnessroutine"
GG-261201-PIN,2026-12-01,20:00,ET,Tue,Pinterest,MINI CHALLENGES,Fitness & Healthy Habits,T107,Pin 1000x1500,no,"For five days, walk ten minutes after every meal.",Walk After Eating,01_pin.png,content_backlog/pinterest/GG-261201-PIN,"Walk After Eating. For five days, walk ten minutes after every meal. A short walk does more than the number suggests. Save this pin for later, and follow @gogettrdaily for more."
GG-261202-IG,2026-12-02,08:00,ET,Wed,Instagram (+Facebook link),THE AUDIT,,T108,Carousel · 8 slides (1080x1350),no,Some people cost you a whole day in one conversation.,,01_cover.png,content_backlog/instagram/GG-261202-IG,"Audit what drains you like you audit what you spend.

→ List what leaves you empty.
→ People, feeds, and open loops.
→ Cut or cap the top drain.
→ Guard your peak from the parasites.
→ Protect energy like it is money.

Swipe through, save it for later, and send it to someone who needs it. Follow @gogettrdaily for a new system every day.

#health #wellness #selfcare #mindset #selfimprovement"
GG-261202-FB,2026-12-02,09:00,ET,Wed,Facebook,THE AUDIT,,T108,Single image (1080x1350),no,Some people cost you a whole day in one conversation.,,01_card.png,content_backlog/facebook/GG-261202-FB,"Some people cost you a whole day in one conversation.

Audit what drains you like you audit what you spend.

→ List what leaves you empty.
→ People, feeds, and open loops.
→ Cut or cap the top drain.
→ Guard your peak from the parasites.
→ Protect energy like it is money.

Which one would move your month the most? Tell me below. (Save the post so it is there when you need it.)

#health #selfimprovement"
GG-261202-X,2026-12-02,09:00,ET,Wed,X / Twitter,THE AUDIT,,T108,Text + image card (1600x900),no,Some people cost you a whole day in one conversation.,,01_card.png,content_backlog/x/GG-261202-X,"Some people cost you a whole day in one conversation.

1. List what leaves you empty.
2. People, feeds, and open loops.
3. Cut or cap the top drain.
4. Guard your peak from the parasites.
5. Protect energy like it is money.

Name your biggest energy drain today.

#health #selfimprovement"
GG-261202-LI,2026-12-02,08:00,ET,Wed,LinkedIn,THE AUDIT,,T108,Single image (1080x1080),no,Some people cost you a whole day in one conversation.,,01_card.png,content_backlog/linkedin/GG-261202-LI,"The most capable people I know don't run on willpower. They design defaults.

Some people cost you a whole day in one conversation.

• List what leaves you empty.
• People, feeds, and open loops.
• Cut or cap the top drain.
• Guard your peak from the parasites.
• Protect energy like it is money.

Systems beat motivation because they only ask you to decide once.

#health #wellness #selfimprovement"
GG-261202-YT,2026-12-02,15:00,ET,Wed,YouTube Shorts,THE AUDIT,,T108,Shorts · vertical MP4 (1080x1920),yes,Some people cost you a whole day in one conversation.,What Drains Your Energy #shorts,video.mp4,content_backlog/youtube/GG-261202-YT,"What Drains Your Energy

Protect your energy like it is money.

1. List what leaves you empty.
2. People, feeds, and open loops.
3. Cut or cap the top drain.
4. Guard your peak from the parasites.
5. Protect energy like it is money.

Follow @gogettrdaily for more.

#health #wellness #selfcare #selfimprovement #shorts"
GG-261202-TT,2026-12-02,19:00,ET,Wed,TikTok,THE AUDIT,,T108,Photo carousel · 4 stills (1080x1920),no,Some people cost you a whole day in one conversation.,,01_frame.png,content_backlog/tiktok/GG-261202-TT,"Some people cost you a whole day in one conversation.

Swipe through. Name your biggest energy drain today. Drop your number below.

#wellnesstok #selfcareroutine #burnoutrecovery #mentalstrength #growthmindset"
GG-261202-PIN,2026-12-02,20:00,ET,Wed,Pinterest,THE AUDIT,Fitness & Healthy Habits,T108,Video Pin · vertical MP4 (1080x1920),yes,Some people cost you a whole day in one conversation.,What Drains Your Energy,video.mp4,content_backlog/pinterest/GG-261202-PIN,What Drains Your Energy — the quick breakdown. Some people cost you a whole day in one conversation. Audit what drains you like you audit what you spend. Save this pin for the next time you need it.
GG-261203-IG,2026-12-03,08:00,ET,Thu,Instagram (+Facebook link),RECEIPTS,,T109,Reel · vertical MP4 (1080x1920),yes,Half your dissatisfaction is rented from someone's feed.,,video.mp4,content_backlog/instagram/GG-261203-IG,"You are comparing your behind to their highlight.

Mute three accounts that drain you.

Watch to the end, save it, then follow @gogettrdaily for a new system every day.

#mindset #motivation #discipline #success #selfimprovement"
GG-261203-FB,2026-12-03,09:00,ET,Thu,Facebook,RECEIPTS,,T109,Single image (1080x1350),no,Half your dissatisfaction is rented from someone's feed.,,01_card.png,content_backlog/facebook/GG-261203-FB,"Half your dissatisfaction is rented from someone's feed.

You are comparing your behind to their highlight.

→ Mute the accounts that sting.
→ Compare only to last-year you.
→ Run your race, not their reel.
→ Measure progress, not position.
→ Cancel the comparison tax.

Which one would move your month the most? Tell me below. (Save the post so it is there when you need it.)

#mindset #selfimprovement"
GG-261203-X,2026-12-03,09:00,ET,Thu,X / Twitter,RECEIPTS,,T109,Text + image card (1600x900),no,Half your dissatisfaction is rented from someone's feed.,,01_card.png,content_backlog/x/GG-261203-X,"Half your dissatisfaction is rented from someone's feed.

1. Mute the accounts that sting.
2. Compare only to last-year you.
3. Run your race, not their reel.
4. Measure progress, not position.
5. Cancel the comparison tax.

Mute three accounts that drain you.

#mindset #selfimprovement"
GG-261203-LI,2026-12-03,08:00,ET,Thu,LinkedIn,RECEIPTS,,T109,Single image (1080x1080),no,Half your dissatisfaction is rented from someone's feed.,,01_card.png,content_backlog/linkedin/GG-261203-LI,"The most capable people I know don't run on willpower. They design defaults.

Half your dissatisfaction is rented from someone's feed.

• Mute the accounts that sting.
• Compare only to last-year you.
• Run your race, not their reel.
• Measure progress, not position.
• Cancel the comparison tax.

Systems beat motivation because they only ask you to decide once.

#mindset #motivation #selfimprovement"
GG-261203-YT,2026-12-03,15:00,ET,Thu,YouTube Shorts,RECEIPTS,,T109,Shorts · vertical MP4 (1080x1920),yes,Half your dissatisfaction is rented from someone's feed.,Stop Comparing Yourself #shorts,video.mp4,content_backlog/youtube/GG-261203-YT,"Stop Comparing Yourself

Compare only to last-year you.

1. Mute the accounts that sting.
2. Compare only to last-year you.
3. Run your race, not their reel.
4. Measure progress, not position.
5. Cancel the comparison tax.

Follow @gogettrdaily for more.

#mindset #motivation #discipline #selfimprovement #shorts"
GG-261203-TT,2026-12-03,19:00,ET,Thu,TikTok,RECEIPTS,,T109,Vertical MP4 · motion (1080x1920),yes,Half your dissatisfaction is rented from someone's feed.,,video.mp4,content_backlog/tiktok/GG-261203-TT,"Half your dissatisfaction is rented from someone's feed.

Mute three accounts that drain you. Send it to someone who needs it.

#mentalstrength #growthmindset #stoicmindset #communicationskills #charismatips"
GG-261203-PIN,2026-12-03,20:00,ET,Thu,Pinterest,RECEIPTS,Confidence & Social Skills,T109,Pin 1000x1500,no,Half your dissatisfaction is rented from someone's feed.,Stop Comparing Yourself,01_pin.png,content_backlog/pinterest/GG-261203-PIN,"Stop Comparing Yourself. Half your dissatisfaction is rented from someone's feed. You are comparing your behind to their highlight. Save this pin for later, and follow @gogettrdaily for more."
GG-261204-IG,2026-12-04,08:00,ET,Fri,Instagram (+Facebook link),BORING EDGE,,T110,Reel · vertical MP4 (1080x1920),yes,The work that changes your life is boring to watch.,,video.mp4,content_backlog/instagram/GG-261204-IG,"No one films the reps that actually compound.

Do one unglamorous rep today.

Watch to the end, save it, then follow @gogettrdaily for a new system every day.

#mindset #motivation #discipline #success #selfimprovement"
GG-261204-FB,2026-12-04,09:00,ET,Fri,Facebook,BORING EDGE,,T110,Single image (1080x1350),no,The work that changes your life is boring to watch.,,01_card.png,content_backlog/facebook/GG-261204-FB,"The work that changes your life is boring to watch.

No one films the reps that actually compound.

→ The saved dollar, not the flex.
→ The quiet rep, not the highlight.
→ The email sent, not the applause.
→ The early night, not the story.
→ Boring is where it compounds.

Which one would move your month the most? Tell me below. (Save the post so it is there when you need it.)

#mindset #selfimprovement"
GG-261204-X,2026-12-04,09:00,ET,Fri,X / Twitter,BORING EDGE,,T110,Text + image card (1600x900),no,The work that changes your life is boring to watch.,,01_card.png,content_backlog/x/GG-261204-X,"The work that changes your life is boring to watch.

1. The saved dollar, not the flex.
2. The quiet rep, not the highlight.
3. The email sent, not the applause.
4. The early night, not the story.
5. Boring is where it compounds.

Do one unglamorous rep today.

#mindset #selfimprovement"
GG-261204-LI,2026-12-04,08:00,ET,Fri,LinkedIn,BORING EDGE,,T110,Single image (1080x1080),no,The work that changes your life is boring to watch.,,01_card.png,content_backlog/linkedin/GG-261204-LI,"The most capable people I know don't run on willpower. They design defaults.

The work that changes your life is boring to watch.

• The saved dollar, not the flex.
• The quiet rep, not the highlight.
• The email sent, not the applause.
• The early night, not the story.
• Boring is where it compounds.

Systems beat motivation because they only ask you to decide once.

#mindset #motivation #selfimprovement"
GG-261204-YT,2026-12-04,15:00,ET,Fri,YouTube Shorts,BORING EDGE,,T110,Shorts · vertical MP4 (1080x1920),yes,The work that changes your life is boring to watch.,Boring Work Builds Success #shorts,video.mp4,content_backlog/youtube/GG-261204-YT,"Boring Work Builds Success

Boring is where it compounds.

1. The saved dollar, not the flex.
2. The quiet rep, not the highlight.
3. The email sent, not the applause.
4. The early night, not the story.
5. Boring is where it compounds.

Follow @gogettrdaily for more.

#mindset #motivation #discipline #selfimprovement #shorts"
GG-261204-TT,2026-12-04,19:00,ET,Fri,TikTok,BORING EDGE,,T110,Photo carousel · 4 stills (1080x1920),no,The work that changes your life is boring to watch.,,01_frame.png,content_backlog/tiktok/GG-261204-TT,"The work that changes your life is boring to watch.

Swipe to the end, then save the one you need.

#growthmindset #stoicmindset #mindsetshift #systemsthinking #atomichabits"
GG-261204-PIN,2026-12-04,20:00,ET,Fri,Pinterest,BORING EDGE,Self Improvement & Discipline,T110,Carousel Pin · 3 cards (1000x1500),no,The work that changes your life is boring to watch.,Boring Work Builds Success,01_pin.png,content_backlog/pinterest/GG-261204-PIN,Boring Work Builds Success: swipe through all 3 cards. The work that changes your life is boring to watch. No one films the reps that actually compound. Save this pin and follow for systems that actually stick.
GG-261205-IG,2026-12-05,08:00,ET,Sat,Instagram (+Facebook link),DECISION FILTER,,T111,Carousel · 7 slides (1080x1350),no,Reversible choices deserve speed. Permanent ones deserve care.,,01_cover.png,content_backlog/instagram/GG-261205-IG,"Stop agonizing over doors you can walk back through.

→ Ask if the door swings both ways.
→ Two-way door, decide fast.
→ One-way door, slow down.
→ Spend caution where it counts.
→ Match the care to the cost.

Swipe through, save it for later, and send it to someone who needs it. Follow @gogettrdaily for a new system every day.

#mindset #motivation #discipline #success #selfimprovement"
GG-261205-FB,2026-12-05,09:00,ET,Sat,Facebook,DECISION FILTER,,T111,Single image (1080x1350),no,Reversible choices deserve speed. Permanent ones deserve care.,,01_card.png,content_backlog/facebook/GG-261205-FB,"Reversible choices deserve speed. Permanent ones deserve care.

Stop agonizing over doors you can walk back through.

→ Ask if the door swings both ways.
→ Two-way door, decide fast.
→ One-way door, slow down.
→ Spend caution where it counts.
→ Match the care to the cost.

Which one would move your month the most? Tell me below. (Save the post so it is there when you need it.)

#mindset #selfimprovement"
GG-261205-X,2026-12-05,09:00,ET,Sat,X / Twitter,DECISION FILTER,,T111,Text + image card (1600x900),no,Reversible choices deserve speed. Permanent ones deserve care.,,01_card.png,content_backlog/x/GG-261205-X,"Reversible choices deserve speed. Permanent ones deserve care.

1. Ask if the door swings both ways.
2. Two-way door, decide fast.
3. One-way door, slow down.
4. Spend caution where it counts.
5. Match the care to the cost.

Sort your open decision: one-way or two?

#mindset #selfimprovement"
GG-261205-LI,2026-12-05,08:00,ET,Sat,LinkedIn,DECISION FILTER,,T111,Single image (1080x1080),no,Reversible choices deserve speed. Permanent ones deserve care.,,01_card.png,content_backlog/linkedin/GG-261205-LI,"The most capable people I know don't run on willpower. They design defaults.

Reversible choices deserve speed. Permanent ones deserve care.

• Ask if the door swings both ways.
• Two-way door, decide fast.
• One-way door, slow down.
• Spend caution where it counts.
• Match the care to the cost.

Systems beat motivation because they only ask you to decide once.

#mindset #motivation #selfimprovement"
GG-261205-YT,2026-12-05,15:00,ET,Sat,YouTube Shorts,DECISION FILTER,,T111,Shorts · vertical MP4 (1080x1920),yes,Reversible choices deserve speed. Permanent ones deserve care.,Reversible Vs Permanent Choices #shorts,video.mp4,content_backlog/youtube/GG-261205-YT,"Reversible Vs Permanent Choices

Match the care to the cost.

1. Ask if the door swings both ways.
2. Two-way door, decide fast.
3. One-way door, slow down.
4. Spend caution where it counts.
5. Match the care to the cost.

Follow @gogettrdaily for more.

#mindset #motivation #discipline #selfimprovement #shorts"
GG-261205-TT,2026-12-05,19:00,ET,Sat,TikTok,DECISION FILTER,,T111,Vertical MP4 · motion (1080x1920),yes,Reversible choices deserve speed. Permanent ones deserve care.,,video.mp4,content_backlog/tiktok/GG-261205-TT,"Reversible choices deserve speed. Permanent ones deserve care.

Sort your open decision: one-way or two? Tell me the one you'll skip.

#stoicmindset #mindsetshift #mentalstrength #atomichabits #habitbuilding"
GG-261205-PIN,2026-12-05,20:00,ET,Sat,Pinterest,DECISION FILTER,Self Improvement & Discipline,T111,Pin 1000x1500,no,Reversible choices deserve speed. Permanent ones deserve care.,Reversible Vs Permanent Choices,01_pin.png,content_backlog/pinterest/GG-261205-PIN,"Reversible Vs Permanent Choices. Reversible choices deserve speed. Permanent ones deserve care. Stop agonizing over doors you can walk back through. Save this pin for later, and follow @gogettrdaily for more."
GG-261206-IG,2026-12-06,08:00,ET,Sun,Instagram (+Facebook link),SYSTEM DESIGN,,T112,Reel · vertical MP4 (1080x1920),yes,Motivation is a mood. A system is a machine you can trust.,,video.mp4,content_backlog/instagram/GG-261206-IG,"Eight more weeks in one line: automate the right defaults.

Save Volume Two. Run the machine.

Watch to the end, save it, then follow @gogettrdaily for a new system every day.

#productivity #habits #discipline #selfimprovement #motivation"
GG-261206-FB,2026-12-06,09:00,ET,Sun,Facebook,SYSTEM DESIGN,,T112,Single image (1080x1350),no,Motivation is a mood. A system is a machine you can trust.,,01_card.png,content_backlog/facebook/GG-261206-FB,"Motivation is a mood. A system is a machine you can trust.

Eight more weeks in one line: automate the right defaults.

→ Pay yourself first.
→ Guard one deep block.
→ Two sessions, ten thousand steps.
→ Never miss twice.
→ Build the machine, skip the mood.

Which one would move your month the most? Tell me below. (Save the post so it is there when you need it.)

#productivity #selfimprovement"
GG-261206-X,2026-12-06,09:00,ET,Sun,X / Twitter,SYSTEM DESIGN,,T112,Text + image card (1600x900),no,Motivation is a mood. A system is a machine you can trust.,,01_card.png,content_backlog/x/GG-261206-X,"Motivation is a mood. A system is a machine you can trust.

1. Pay yourself first.
2. Guard one deep block.
3. Two sessions, ten thousand steps.
4. Never miss twice.
5. Build the machine, skip the mood.

Save Volume Two. Run the machine.

#productivity #selfimprovement"
GG-261206-LI,2026-12-06,08:00,ET,Sun,LinkedIn,SYSTEM DESIGN,,T112,Single image (1080x1080),no,Motivation is a mood. A system is a machine you can trust.,,01_card.png,content_backlog/linkedin/GG-261206-LI,"The most capable people I know don't run on willpower. They design defaults.

Motivation is a mood. A system is a machine you can trust.

• Pay yourself first.
• Guard one deep block.
• Two sessions, ten thousand steps.
• Never miss twice.
• Build the machine, skip the mood.

Systems beat motivation because they only ask you to decide once.

#productivity #habits #selfimprovement"
GG-261206-YT,2026-12-06,15:00,ET,Sun,YouTube Shorts,SYSTEM DESIGN,,T112,Shorts · vertical MP4 (1080x1920),yes,Motivation is a mood. A system is a machine you can trust.,Life Systems That Last #shorts,video.mp4,content_backlog/youtube/GG-261206-YT,"Life Systems That Last

Build the machine. Skip the mood.

1. Pay yourself first.
2. Guard one deep block.
3. Two sessions, ten thousand steps.
4. Never miss twice.
5. Build the machine, skip the mood.

Follow @gogettrdaily for more.

#productivity #habits #discipline #selfimprovement #shorts"
GG-261206-TT,2026-12-06,19:00,ET,Sun,TikTok,SYSTEM DESIGN,,T112,Single image (1080x1920),no,Motivation is a mood. A system is a machine you can trust.,,01_frame.png,content_backlog/tiktok/GG-261206-TT,"Motivation is a mood. A system is a machine you can trust. Save Volume Two. Run the machine.

Screenshot this one.

#atomichabits #habitbuilding #productivitysystem #disciplineovermotivation #personalgrowthtips"
GG-261206-PIN,2026-12-06,20:00,ET,Sun,Pinterest,SYSTEM DESIGN,Self Improvement & Discipline,T112,Video Pin · vertical MP4 (1080x1920),yes,Motivation is a mood. A system is a machine you can trust.,Life Systems That Last,video.mp4,content_backlog/pinterest/GG-261206-PIN,Life Systems That Last — the quick breakdown. Motivation is a mood. A system is a machine you can trust. Eight more weeks in one line: automate the right defaults. Save this pin for the next time you need it.
